----------------------------------------------------------------------------------------
      name:  <unnamed>
       log:  /Users/sbc/projects/PhD-Business-Economics-DEN-UDD/Econometria-II-DEN/Tarea
> 3/log/Tarea3_resultados.log
  log type:  text
 opened on:  18 Aug 2026, 11:58:48

. 
. use "data/casen_2024.dta", clear
(Encuesta Casen 2024)

. 
. 
. *==============================================================*
. * TAREA 3: BOOTSTRAP, HETEROCEDASTICIDAD Y TAMAÑO MUESTRAL
. *==============================================================*
. 
. 
. *--------------------------------------------------------------*
. * 0. VARIABLES UTILIZADAS
. *--------------------------------------------------------------*
. 
. describe yoprcor esc edad

Variable      Storage   Display    Value
    name         type    format    label      Variable label
----------------------------------------------------------------------------------------
yoprcor         long    %12.0f                Ingreso ocupación principal corregido
esc             byte    %9.0g                 Años de escolaridad (edad >= 15)
edad            int     %6.0f                 Edad

. 
. * Mostrar nombre y etiqueta de las variables
. foreach v in yoprcor esc edad {
  2.     display "`v' = `: variable label `v''"
  3. }
yoprcor = Ingreso ocupación principal corregido
esc = Años de escolaridad (edad >= 15)
edad = Edad

. 
. 
. *--------------------------------------------------------------*
. * 1. PREPARACIÓN DE LA MUESTRA
. *--------------------------------------------------------------*
. 
. * El enunciado solicita ingreso de la ocupación principal > 0
. keep if yoprcor > 0
(0 observations deleted)

. 
. * Mantener observaciones con información de escolaridad
. drop if missing(yoprcor, esc)
(126,032 observations deleted)

. 
. * Logaritmo del ingreso
. gen lyoprcor = ln(yoprcor)

. 
. label variable lyoprcor ///
>     "Log ingreso ocupación principal corregido"

. 
. summarize lyoprcor yoprcor esc

    Variable |        Obs        Mean    Std. dev.       Min        Max
-------------+---------------------------------------------------------
    lyoprcor |     92,335    13.22881    .7949076   8.294049   16.81124
     yoprcor |     92,335    751714.4      746886       4000   2.00e+07
         esc |     92,335    12.76844    3.621161          0         31

. 
. count
  92,335

. 
. scalar N_full = r(N)

. 
. 
. *==============================================================*
. * 2. MUESTRA COMPLETA
. *==============================================================*
. 
. 
. *--------------------------------------------------------------*
. * I. MCO CONVENCIONAL
. *--------------------------------------------------------------*
. 
. reg lyoprcor esc

      Source |       SS           df       MS      Number of obs   =    92,335
-------------+----------------------------------   F(1, 92333)     =  23465.44
       Model |  11822.8164         1  11822.8164   Prob > F        =    0.0000
    Residual |  46521.0124    92,333  .503839498   R-squared       =    0.2026
-------------+----------------------------------   Adj R-squared   =    0.2026
       Total |  58343.8287    92,334  .631878059   Root MSE        =    .70982

------------------------------------------------------------------------------
    lyoprcor | Coefficient  Std. err.      t    P>|t|     [95% conf. interval]
-------------+----------------------------------------------------------------
         esc |    .098817   .0006451   153.18   0.000     .0975527    .1000814
       _cons |   11.96707   .0085616  1397.77   0.000     11.95029    11.98385
------------------------------------------------------------------------------

. 
. scalar b_ols  = _b[esc]

. scalar se_ols = _se[esc]

. 
. scalar crit_ols = invttail(e(df_r), .025)

. 
. scalar li_ols = b_ols - crit_ols*se_ols

. scalar ls_ols = b_ols + crit_ols*se_ols

. 
end of do-file

. do "/var/folders/gx/6vxmvb692_5gb5lj_qpn76n80000gn/T//SD12166.000000"

. 
. reg lyoprcor esc, vce(robust)

Linear regression                               Number of obs     =     92,335
                                                F(1, 92333)       =   18880.41
                                                Prob > F          =     0.0000
                                                R-squared         =     0.2026
                                                Root MSE          =     .70982

------------------------------------------------------------------------------
             |               Robust
    lyoprcor | Coefficient  std. err.      t    P>|t|     [95% conf. interval]
-------------+----------------------------------------------------------------
         esc |    .098817   .0007192   137.41   0.000     .0974075    .1002266
       _cons |   11.96707   .0094486  1266.54   0.000     11.94855    11.98559
------------------------------------------------------------------------------

. 
. scalar b_hc1  = _b[esc]

. scalar se_hc1 = _se[esc]

. 
. scalar crit_hc1 = invttail(e(df_r), .025)

. 
. scalar li_hc1 = b_hc1 - crit_hc1*se_hc1

. scalar ls_hc1 = b_hc1 + crit_hc1*se_hc1

. 
end of do-file

. do "/var/folders/gx/6vxmvb692_5gb5lj_qpn76n80000gn/T//SD12166.000000"

. clear all

. *==============================================================*
. * PAIRED BOOTSTRAP MANUAL
. *==============================================================*
. 
. * Guardar muestra original
. gen id = _n

. 
. count
  0

. local N = r(N)

. 
. tempfile original

. save `original'
(dataset contains 0 observations)
file /var/folders/gx/6vxmvb692_5gb5lj_qpn76n80000gn/T//S_12166.000001 saved as .dta
    format

. 
. * Archivo donde guardar los coeficientes bootstrap
. tempname resultados

. postfile `resultados' beta1 using "data/bootstrap_manual.dta", replace
(file data/bootstrap_manual.dta not found)

. 
. set seed 12345

. 
end of do-file

. br

. do "/var/folders/gx/6vxmvb692_5gb5lj_qpn76n80000gn/T//SD12166.000000"

. gen id = _n
variable id already defined
r(110);

end of do-file

r(110);

. do "/var/folders/gx/6vxmvb692_5gb5lj_qpn76n80000gn/T//SD12166.000000"

. clear all

. gen id = _n

. 
. count
  0

. local N = r(N)

. 
. tempfile original

. save `original'
(dataset contains 0 observations)
file /var/folders/gx/6vxmvb692_5gb5lj_qpn76n80000gn/T//S_12166.000001 saved as .dta
    format

. 
. clear

. set obs `N'
Number of observations (_N) was 0, now 0.

. 
. gen id = floor(runiform()*`N') + 1

. 
. merge m:1 id using `original', nogen

    Result                      Number of obs
    -----------------------------------------
    Not matched                             0
    Matched                                 0  
    -----------------------------------------

. 
. reg lyoprcor esc
variable lyoprcor not found
r(111);

end of do-file

r(111);

. do "/var/folders/gx/6vxmvb692_5gb5lj_qpn76n80000gn/T//SD12166.000000"

. clear all

. set more off

. 
. cd "/Users/sbc/projects/PhD-Business-Economics-DEN-UDD/Econometria-II-DEN/Tarea3/"
/Users/sbc/projects/PhD-Business-Economics-DEN-UDD/Econometria-II-DEN/Tarea3

. 
. use "data/casen_2024.dta", clear
(Encuesta Casen 2024)

. 
. 
. *==============================================================*
. * 1. PREPARAR MUESTRA
. *==============================================================*
. 
. keep if yoprcor > 0
(0 observations deleted)

. drop if missing(yoprcor, esc)
(126,032 observations deleted)

. 
. gen lyoprcor = ln(yoprcor)

. 
. label variable lyoprcor ///
>     "Log ingreso ocupación principal corregido"

. 
. 
. *==============================================================*
. * 2. REGRESIÓN ORIGINAL
. *==============================================================*
. 
. reg lyoprcor esc

      Source |       SS           df       MS      Number of obs   =    92,335
-------------+----------------------------------   F(1, 92333)     =  23465.44
       Model |  11822.8164         1  11822.8164   Prob > F        =    0.0000
    Residual |  46521.0124    92,333  .503839498   R-squared       =    0.2026
-------------+----------------------------------   Adj R-squared   =    0.2026
       Total |  58343.8287    92,334  .631878059   Root MSE        =    .70982

------------------------------------------------------------------------------
    lyoprcor | Coefficient  Std. err.      t    P>|t|     [95% conf. interval]
-------------+----------------------------------------------------------------
         esc |    .098817   .0006451   153.18   0.000     .0975527    .1000814
       _cons |   11.96707   .0085616  1397.77   0.000     11.95029    11.98385
------------------------------------------------------------------------------

. 
. display "Beta original = " _b[esc]
Beta original = .09881703

. 
. 
. *==============================================================*
. * 3. PREPARAR BASE ORIGINAL PARA EL BOOTSTRAP
. *==============================================================*
. 
. * Crear identificador único para cada observación
. gen id_boot = _n

. 
. * Número de observaciones de la muestra
. count
  92,335

. local N = r(N)

. 
. display "Numero de observaciones = " `N'
Numero de observaciones = 92335

. 
. * Guardar temporalmente la muestra original
. tempfile original

. save `original'
file /var/folders/gx/6vxmvb692_5gb5lj_qpn76n80000gn/T//S_12166.000001 saved as .dta
    format

. 
. 
. *==============================================================*
. * 4. CREAR ARCHIVO PARA GUARDAR LOS 999 BETAS
. *==============================================================*
. 
. tempname resultados

. 
. postfile `resultados' beta1 ///
>     using "data/bootstrap_manual.dta", replace

. 
. 
. *==============================================================*
. * 5. PAIRED BOOTSTRAP MANUAL
. *==============================================================*
. 
. set seed 12345

. 
. forvalues b = 1/999 {
  2. 
.     *----------------------------------------------------------*
.     * Crear N sorteos
.     *----------------------------------------------------------*
. 
.     clear
  3. 
.     set obs `N'
  4. 
.     * Número de orden del sorteo
.     gen orden = _n
  5. 
.     * Sortear un ID entre 1 y N con reemplazo
.     gen id_boot = floor(runiform()*`N') + 1
  6. 
. 
.     *----------------------------------------------------------*
.     * Traer las observaciones sorteadas desde la base original
.     *----------------------------------------------------------*
. 
.     merge m:1 id_boot using `original', nogen
  7. 
. 
.     *----------------------------------------------------------*
.     * Estimar la regresión bootstrap
.     *----------------------------------------------------------*
. 
.     quietly regress lyoprcor esc
  8. 
. 
.     *----------------------------------------------------------*
.     * Guardar beta de escolaridad
.     *----------------------------------------------------------*
. 
.     post `resultados' (_b[esc])
  9. }
Number of observations (_N) was 0, now 92,335.

    Result                      Number of obs
    -----------------------------------------
    Not matched                        33,990
        from master                         0  
        from using                     33,990  

    Matched                            92,335  
    -----------------------------------------
Number of observations (_N) was 0, now 92,335.

    Result                      Number of obs
    -----------------------------------------
    Not matched                        33,971
        from master                         0  
        from using                     33,971  

    Matched                            92,335  
    -----------------------------------------
Number of observations (_N) was 0, now 92,335.

    Result                      Number of obs
    -----------------------------------------
    Not matched                        34,017
        from master                         0  
        from using                     34,017  

    Matched                            92,335  
    -----------------------------------------
Number of observations (_N) was 0, now 92,335.

    Result                      Number of obs
    -----------------------------------------
    Not matched                        33,916
        from master                         0  
        from using                     33,916  

    Matched                            92,335  
    -----------------------------------------
Number of observations (_N) was 0, now 92,335.

    Result                      Number of obs
    -----------------------------------------
    Not matched                        33,917
        from master                         0  
        from using                     33,917  

    Matched                            92,335  
    -----------------------------------------
Number of observations (_N) was 0, now 92,335.

    Result                      Number of obs
    -----------------------------------------
    Not matched                        34,221
        from master                         0  
        from using                     34,221  

    Matched                            92,335  
    -----------------------------------------
Number of observations (_N) was 0, now 92,335.

    Result                      Number of obs
    -----------------------------------------
    Not matched                        33,953
        from master                         0  
        from using                     33,953  

    Matched                            92,335  
    -----------------------------------------
Number of observations (_N) was 0, now 92,335.

    Result                      Number of obs
    -----------------------------------------
    Not matched                        34,024
        from master                         0  
        from using                     34,024  

    Matched                            92,335  
    -----------------------------------------
Number of observations (_N) was 0, now 92,335.

    Result                      Number of obs
    -----------------------------------------
    Not matched                        33,890
        from master                         0  
        from using                     33,890  

    Matched                            92,335  
    -----------------------------------------
Number of observations (_N) was 0, now 92,335.

    Result                      Number of obs
    -----------------------------------------
    Not matched                        34,158
        from master                         0  
        from using                     34,158  

    Matched                            92,335  
    -----------------------------------------
Number of observations (_N) was 0, now 92,335.

    Result                      Number of obs
    -----------------------------------------
    Not matched                        33,985
        from master                         0  
        from using                     33,985  

    Matched                            92,335  
    -----------------------------------------
Number of observations (_N) was 0, now 92,335.

    Result                      Number of obs
    -----------------------------------------
    Not matched                        34,048
        from master                         0  
        from using                     34,048  

    Matched                            92,335  
    -----------------------------------------
Number of observations (_N) was 0, now 92,335.

    Result                      Number of obs
    -----------------------------------------
    Not matched                        33,947
        from master                         0  
        from using                     33,947  

    Matched                            92,335  
    -----------------------------------------
Number of observations (_N) was 0, now 92,335.

    Result                      Number of obs
    -----------------------------------------
    Not matched                        33,988
        from master                         0  
        from using                     33,988  

    Matched                            92,335  
    -----------------------------------------
Number of observations (_N) was 0, now 92,335.

    Result                      Number of obs
    -----------------------------------------
    Not matched                        33,670
        from master                         0  
        from using                     33,670  

    Matched                            92,335  
    -----------------------------------------
Number of observations (_N) was 0, now 92,335.

    Result                      Number of obs
    -----------------------------------------
    Not matched                        33,906
        from master                         0  
        from using                     33,906  

    Matched                            92,335  
    -----------------------------------------
Number of observations (_N) was 0, now 92,335.

    Result                      Number of obs
    -----------------------------------------
    Not matched                        34,100
        from master                         0  
        from using                     34,100  

    Matched                            92,335  
    -----------------------------------------
Number of observations (_N) was 0, now 92,335.

    Result                      Number of obs
    -----------------------------------------
    Not matched                        33,887
        from master                         0  
        from using                     33,887  

    Matched                            92,335  
    -----------------------------------------
Number of observations (_N) was 0, now 92,335.

    Result                      Number of obs
    -----------------------------------------
    Not matched                        33,893
        from master                         0  
        from using                     33,893  

    Matched                            92,335  
    -----------------------------------------
Number of observations (_N) was 0, now 92,335.

    Result                      Number of obs
    -----------------------------------------
    Not matched                        34,128
        from master                         0  
        from using                     34,128  

    Matched                            92,335  
    -----------------------------------------
Number of observations (_N) was 0, now 92,335.

    Result                      Number of obs
    -----------------------------------------
    Not matched                        33,979
        from master                         0  
        from using                     33,979  

    Matched                            92,335  
    -----------------------------------------
Number of observations (_N) was 0, now 92,335.

    Result                      Number of obs
    -----------------------------------------
    Not matched                        33,976
        from master                         0  
        from using                     33,976  

    Matched                            92,335  
    -----------------------------------------
Number of observations (_N) was 0, now 92,335.

    Result                      Number of obs
    -----------------------------------------
    Not matched                        34,202
        from master                         0  
        from using                     34,202  

    Matched                            92,335  
    -----------------------------------------
Number of observations (_N) was 0, now 92,335.

    Result                      Number of obs
    -----------------------------------------
    Not matched                        33,882
        from master                         0  
        from using                     33,882  

    Matched                            92,335  
    -----------------------------------------
Number of observations (_N) was 0, now 92,335.

    Result                      Number of obs
    -----------------------------------------
    Not matched                        34,133
        from master                         0  
        from using                     34,133  

    Matched                            92,335  
    -----------------------------------------
Number of observations (_N) was 0, now 92,335.

    Result                      Number of obs
    -----------------------------------------
    Not matched                        33,884
        from master                         0  
        from using                     33,884  

    Matched                            92,335  
    -----------------------------------------
Number of observations (_N) was 0, now 92,335.

    Result                      Number of obs
    -----------------------------------------
    Not matched                        33,930
        from master                         0  
        from using                     33,930  

    Matched                            92,335  
    -----------------------------------------
Number of observations (_N) was 0, now 92,335.

    Result                      Number of obs
    -----------------------------------------
    Not matched                        34,014
        from master                         0  
        from using                     34,014  

    Matched                            92,335  
    -----------------------------------------
Number of observations (_N) was 0, now 92,335.

    Result                      Number of obs
    -----------------------------------------
    Not matched                        33,938
        from master                         0  
        from using                     33,938  

    Matched                            92,335  
    -----------------------------------------
Number of observations (_N) was 0, now 92,335.

    Result                      Number of obs
    -----------------------------------------
    Not matched                        33,822
        from master                         0  
        from using                     33,822  

    Matched                            92,335  
    -----------------------------------------
Number of observations (_N) was 0, now 92,335.

    Result                      Number of obs
    -----------------------------------------
    Not matched                        33,811
        from master                         0  
        from using                     33,811  

    Matched                            92,335  
    -----------------------------------------
Number of observations (_N) was 0, now 92,335.

    Result                      Number of obs
    -----------------------------------------
    Not matched                        33,922
        from master                         0  
        from using                     33,922  

    Matched                            92,335  
    -----------------------------------------
Number of observations (_N) was 0, now 92,335.

    Result                      Number of obs
    -----------------------------------------
    Not matched                        34,152
        from master                         0  
        from using                     34,152  

    Matched                            92,335  
    -----------------------------------------
Number of observations (_N) was 0, now 92,335.

    Result                      Number of obs
    -----------------------------------------
    Not matched                        33,883
        from master                         0  
        from using                     33,883  

    Matched                            92,335  
    -----------------------------------------
Number of observations (_N) was 0, now 92,335.

    Result                      Number of obs
    -----------------------------------------
    Not matched                        33,751
        from master                         0  
        from using                     33,751  

    Matched                            92,335  
    -----------------------------------------
Number of observations (_N) was 0, now 92,335.

    Result                      Number of obs
    -----------------------------------------
    Not matched                        33,810
        from master                         0  
        from using                     33,810  

    Matched                            92,335  
    -----------------------------------------
Number of observations (_N) was 0, now 92,335.

    Result                      Number of obs
    -----------------------------------------
    Not matched                        34,153
        from master                         0  
        from using                     34,153  

    Matched                            92,335  
    -----------------------------------------
Number of observations (_N) was 0, now 92,335.

    Result                      Number of obs
    -----------------------------------------
    Not matched                        33,875
        from master                         0  
        from using                     33,875  

    Matched                            92,335  
    -----------------------------------------
Number of observations (_N) was 0, now 92,335.

    Result                      Number of obs
    -----------------------------------------
    Not matched                        34,122
        from master                         0  
        from using                     34,122  

    Matched                            92,335  
    -----------------------------------------
Number of observations (_N) was 0, now 92,335.

    Result                      Number of obs
    -----------------------------------------
    Not matched                        34,026
        from master                         0  
        from using                     34,026  

    Matched                            92,335  
    -----------------------------------------
Number of observations (_N) was 0, now 92,335.

    Result                      Number of obs
    -----------------------------------------
    Not matched                        34,122
        from master                         0  
        from using                     34,122  

    Matched                            92,335  
    -----------------------------------------
Number of observations (_N) was 0, now 92,335.

    Result                      Number of obs
    -----------------------------------------
    Not matched                        34,071
        from master                         0  
        from using                     34,071  

    Matched                            92,335  
    -----------------------------------------
Number of observations (_N) was 0, now 92,335.

    Result                      Number of obs
    -----------------------------------------
    Not matched                        33,921
        from master                         0  
        from using                     33,921  

    Matched                            92,335  
    -----------------------------------------
Number of observations (_N) was 0, now 92,335.

    Result                      Number of obs
    -----------------------------------------
    Not matched                        34,047
        from master                         0  
        from using                     34,047  

    Matched                            92,335  
    -----------------------------------------
Number of observations (_N) was 0, now 92,335.

    Result                      Number of obs
    -----------------------------------------
    Not matched                        33,843
        from master                         0  
        from using                     33,843  

    Matched                            92,335  
    -----------------------------------------
Number of observations (_N) was 0, now 92,335.

    Result                      Number of obs
    -----------------------------------------
    Not matched                        33,822
        from master                         0  
        from using                     33,822  

    Matched                            92,335  
    -----------------------------------------
Number of observations (_N) was 0, now 92,335.

    Result                      Number of obs
    -----------------------------------------
    Not matched                        34,044
        from master                         0  
        from using                     34,044  

    Matched                            92,335  
    -----------------------------------------
Number of observations (_N) was 0, now 92,335.

    Result                      Number of obs
    -----------------------------------------
    Not matched                        34,092
        from master                         0  
        from using                     34,092  

    Matched                            92,335  
    -----------------------------------------
Number of observations (_N) was 0, now 92,335.

    Result                      Number of obs
    -----------------------------------------
    Not matched                        34,151
        from master                         0  
        from using                     34,151  

    Matched                            92,335  
    -----------------------------------------
Number of observations (_N) was 0, now 92,335.

    Result                      Number of obs
    -----------------------------------------
    Not matched                        33,867
        from master                         0  
        from using                     33,867  

    Matched                            92,335  
    -----------------------------------------
Number of observations (_N) was 0, now 92,335.

    Result                      Number of obs
    -----------------------------------------
    Not matched                        33,953
        from master                         0  
        from using                     33,953  

    Matched                            92,335  
    -----------------------------------------
Number of observations (_N) was 0, now 92,335.

    Result                      Number of obs
    -----------------------------------------
    Not matched                        33,759
        from master                         0  
        from using                     33,759  

    Matched                            92,335  
    -----------------------------------------
Number of observations (_N) was 0, now 92,335.

    Result                      Number of obs
    -----------------------------------------
    Not matched                        34,035
        from master                         0  
        from using                     34,035  

    Matched                            92,335  
    -----------------------------------------
Number of observations (_N) was 0, now 92,335.

    Result                      Number of obs
    -----------------------------------------
    Not matched                        33,851
        from master                         0  
        from using                     33,851  

    Matched                            92,335  
    -----------------------------------------
Number of observations (_N) was 0, now 92,335.

    Result                      Number of obs
    -----------------------------------------
    Not matched                        33,963
        from master                         0  
        from using                     33,963  

    Matched                            92,335  
    -----------------------------------------
Number of observations (_N) was 0, now 92,335.

    Result                      Number of obs
    -----------------------------------------
    Not matched                        34,042
        from master                         0  
        from using                     34,042  

    Matched                            92,335  
    -----------------------------------------
Number of observations (_N) was 0, now 92,335.

    Result                      Number of obs
    -----------------------------------------
    Not matched                        34,034
        from master                         0  
        from using                     34,034  

    Matched                            92,335  
    -----------------------------------------
Number of observations (_N) was 0, now 92,335.

    Result                      Number of obs
    -----------------------------------------
    Not matched                        33,988
        from master                         0  
        from using                     33,988  

    Matched                            92,335  
    -----------------------------------------
Number of observations (_N) was 0, now 92,335.

    Result                      Number of obs
    -----------------------------------------
    Not matched                        33,919
        from master                         0  
        from using                     33,919  

    Matched                            92,335  
    -----------------------------------------
Number of observations (_N) was 0, now 92,335.

    Result                      Number of obs
    -----------------------------------------
    Not matched                        33,935
        from master                         0  
        from using                     33,935  

    Matched                            92,335  
    -----------------------------------------
Number of observations (_N) was 0, now 92,335.

    Result                      Number of obs
    -----------------------------------------
    Not matched                        33,944
        from master                         0  
        from using                     33,944  

    Matched                            92,335  
    -----------------------------------------
Number of observations (_N) was 0, now 92,335.

    Result                      Number of obs
    -----------------------------------------
    Not matched                        33,999
        from master                         0  
        from using                     33,999  

    Matched                            92,335  
    -----------------------------------------
Number of observations (_N) was 0, now 92,335.

    Result                      Number of obs
    -----------------------------------------
    Not matched                        33,984
        from master                         0  
        from using                     33,984  

    Matched                            92,335  
    -----------------------------------------
Number of observations (_N) was 0, now 92,335.

    Result                      Number of obs
    -----------------------------------------
    Not matched                        33,912
        from master                         0  
        from using                     33,912  

    Matched                            92,335  
    -----------------------------------------
Number of observations (_N) was 0, now 92,335.

    Result                      Number of obs
    -----------------------------------------
    Not matched                        33,849
        from master                         0  
        from using                     33,849  

    Matched                            92,335  
    -----------------------------------------
Number of observations (_N) was 0, now 92,335.

    Result                      Number of obs
    -----------------------------------------
    Not matched                        34,161
        from master                         0  
        from using                     34,161  

    Matched                            92,335  
    -----------------------------------------
Number of observations (_N) was 0, now 92,335.

    Result                      Number of obs
    -----------------------------------------
    Not matched                        33,947
        from master                         0  
        from using                     33,947  

    Matched                            92,335  
    -----------------------------------------
Number of observations (_N) was 0, now 92,335.

    Result                      Number of obs
    -----------------------------------------
    Not matched                        33,996
        from master                         0  
        from using                     33,996  

    Matched                            92,335  
    -----------------------------------------
Number of observations (_N) was 0, now 92,335.

    Result                      Number of obs
    -----------------------------------------
    Not matched                        33,913
        from master                         0  
        from using                     33,913  

    Matched                            92,335  
    -----------------------------------------
Number of observations (_N) was 0, now 92,335.

    Result                      Number of obs
    -----------------------------------------
    Not matched                        34,031
        from master                         0  
        from using                     34,031  

    Matched                            92,335  
    -----------------------------------------
Number of observations (_N) was 0, now 92,335.

    Result                      Number of obs
    -----------------------------------------
    Not matched                        34,134
        from master                         0  
        from using                     34,134  

    Matched                            92,335  
    -----------------------------------------
Number of observations (_N) was 0, now 92,335.

    Result                      Number of obs
    -----------------------------------------
    Not matched                        33,990
        from master                         0  
        from using                     33,990  

    Matched                            92,335  
    -----------------------------------------
Number of observations (_N) was 0, now 92,335.

    Result                      Number of obs
    -----------------------------------------
    Not matched                        34,052
        from master                         0  
        from using                     34,052  

    Matched                            92,335  
    -----------------------------------------
Number of observations (_N) was 0, now 92,335.

    Result                      Number of obs
    -----------------------------------------
    Not matched                        33,972
        from master                         0  
        from using                     33,972  

    Matched                            92,335  
    -----------------------------------------
Number of observations (_N) was 0, now 92,335.

    Result                      Number of obs
    -----------------------------------------
    Not matched                        34,052
        from master                         0  
        from using                     34,052  

    Matched                            92,335  
    -----------------------------------------
Number of observations (_N) was 0, now 92,335.

    Result                      Number of obs
    -----------------------------------------
    Not matched                        34,069
        from master                         0  
        from using                     34,069  

    Matched                            92,335  
    -----------------------------------------
Number of observations (_N) was 0, now 92,335.

    Result                      Number of obs
    -----------------------------------------
    Not matched                        33,972
        from master                         0  
        from using                     33,972  

    Matched                            92,335  
    -----------------------------------------
Number of observations (_N) was 0, now 92,335.

    Result                      Number of obs
    -----------------------------------------
    Not matched                        34,070
        from master                         0  
        from using                     34,070  

    Matched                            92,335  
    -----------------------------------------
Number of observations (_N) was 0, now 92,335.

    Result                      Number of obs
    -----------------------------------------
    Not matched                        33,865
        from master                         0  
        from using                     33,865  

    Matched                            92,335  
    -----------------------------------------
Number of observations (_N) was 0, now 92,335.

    Result                      Number of obs
    -----------------------------------------
    Not matched                        33,679
        from master                         0  
        from using                     33,679  

    Matched                            92,335  
    -----------------------------------------
Number of observations (_N) was 0, now 92,335.

    Result                      Number of obs
    -----------------------------------------
    Not matched                        34,013
        from master                         0  
        from using                     34,013  

    Matched                            92,335  
    -----------------------------------------
Number of observations (_N) was 0, now 92,335.

    Result                      Number of obs
    -----------------------------------------
    Not matched                        34,104
        from master                         0  
        from using                     34,104  

    Matched                            92,335  
    -----------------------------------------
Number of observations (_N) was 0, now 92,335.

    Result                      Number of obs
    -----------------------------------------
    Not matched                        34,054
        from master                         0  
        from using                     34,054  

    Matched                            92,335  
    -----------------------------------------
Number of observations (_N) was 0, now 92,335.

    Result                      Number of obs
    -----------------------------------------
    Not matched                        34,045
        from master                         0  
        from using                     34,045  

    Matched                            92,335  
    -----------------------------------------
Number of observations (_N) was 0, now 92,335.

    Result                      Number of obs
    -----------------------------------------
    Not matched                        33,910
        from master                         0  
        from using                     33,910  

    Matched                            92,335  
    -----------------------------------------
Number of observations (_N) was 0, now 92,335.

    Result                      Number of obs
    -----------------------------------------
    Not matched                        33,938
        from master                         0  
        from using                     33,938  

    Matched                            92,335  
    -----------------------------------------
Number of observations (_N) was 0, now 92,335.

    Result                      Number of obs
    -----------------------------------------
    Not matched                        33,978
        from master                         0  
        from using                     33,978  

    Matched                            92,335  
    -----------------------------------------
Number of observations (_N) was 0, now 92,335.

    Result                      Number of obs
    -----------------------------------------
    Not matched                        33,943
        from master                         0  
        from using                     33,943  

    Matched                            92,335  
    -----------------------------------------
Number of observations (_N) was 0, now 92,335.

    Result                      Number of obs
    -----------------------------------------
    Not matched                        33,964
        from master                         0  
        from using                     33,964  

    Matched                            92,335  
    -----------------------------------------
Number of observations (_N) was 0, now 92,335.

    Result                      Number of obs
    -----------------------------------------
    Not matched                        33,862
        from master                         0  
        from using                     33,862  

    Matched                            92,335  
    -----------------------------------------
Number of observations (_N) was 0, now 92,335.

    Result                      Number of obs
    -----------------------------------------
    Not matched                        33,881
        from master                         0  
        from using                     33,881  

    Matched                            92,335  
    -----------------------------------------
Number of observations (_N) was 0, now 92,335.

    Result                      Number of obs
    -----------------------------------------
    Not matched                        33,990
        from master                         0  
        from using                     33,990  

    Matched                            92,335  
    -----------------------------------------
Number of observations (_N) was 0, now 92,335.

    Result                      Number of obs
    -----------------------------------------
    Not matched                        33,974
        from master                         0  
        from using                     33,974  

    Matched                            92,335  
    -----------------------------------------
Number of observations (_N) was 0, now 92,335.

    Result                      Number of obs
    -----------------------------------------
    Not matched                        33,951
        from master                         0  
        from using                     33,951  

    Matched                            92,335  
    -----------------------------------------
Number of observations (_N) was 0, now 92,335.

    Result                      Number of obs
    -----------------------------------------
    Not matched                        33,900
        from master                         0  
        from using                     33,900  

    Matched                            92,335  
    -----------------------------------------
Number of observations (_N) was 0, now 92,335.

    Result                      Number of obs
    -----------------------------------------
    Not matched                        33,887
        from master                         0  
        from using                     33,887  

    Matched                            92,335  
    -----------------------------------------
Number of observations (_N) was 0, now 92,335.

    Result                      Number of obs
    -----------------------------------------
    Not matched                        33,905
        from master                         0  
        from using                     33,905  

    Matched                            92,335  
    -----------------------------------------
Number of observations (_N) was 0, now 92,335.

    Result                      Number of obs
    -----------------------------------------
    Not matched                        34,006
        from master                         0  
        from using                     34,006  

    Matched                            92,335  
    -----------------------------------------
Number of observations (_N) was 0, now 92,335.

    Result                      Number of obs
    -----------------------------------------
    Not matched                        33,983
        from master                         0  
        from using                     33,983  

    Matched                            92,335  
    -----------------------------------------
Number of observations (_N) was 0, now 92,335.

    Result                      Number of obs
    -----------------------------------------
    Not matched                        33,969
        from master                         0  
        from using                     33,969  

    Matched                            92,335  
    -----------------------------------------
Number of observations (_N) was 0, now 92,335.

    Result                      Number of obs
    -----------------------------------------
    Not matched                        34,087
        from master                         0  
        from using                     34,087  

    Matched                            92,335  
    -----------------------------------------
Number of observations (_N) was 0, now 92,335.

    Result                      Number of obs
    -----------------------------------------
    Not matched                        33,974
        from master                         0  
        from using                     33,974  

    Matched                            92,335  
    -----------------------------------------
Number of observations (_N) was 0, now 92,335.

    Result                      Number of obs
    -----------------------------------------
    Not matched                        33,933
        from master                         0  
        from using                     33,933  

    Matched                            92,335  
    -----------------------------------------
Number of observations (_N) was 0, now 92,335.

    Result                      Number of obs
    -----------------------------------------
    Not matched                        33,980
        from master                         0  
        from using                     33,980  

    Matched                            92,335  
    -----------------------------------------
Number of observations (_N) was 0, now 92,335.

    Result                      Number of obs
    -----------------------------------------
    Not matched                        33,992
        from master                         0  
        from using                     33,992  

    Matched                            92,335  
    -----------------------------------------
Number of observations (_N) was 0, now 92,335.

    Result                      Number of obs
    -----------------------------------------
    Not matched                        34,004
        from master                         0  
        from using                     34,004  

    Matched                            92,335  
    -----------------------------------------
Number of observations (_N) was 0, now 92,335.

    Result                      Number of obs
    -----------------------------------------
    Not matched                        34,127
        from master                         0  
        from using                     34,127  

    Matched                            92,335  
    -----------------------------------------
Number of observations (_N) was 0, now 92,335.

    Result                      Number of obs
    -----------------------------------------
    Not matched                        33,889
        from master                         0  
        from using                     33,889  

    Matched                            92,335  
    -----------------------------------------
Number of observations (_N) was 0, now 92,335.

    Result                      Number of obs
    -----------------------------------------
    Not matched                        33,947
        from master                         0  
        from using                     33,947  

    Matched                            92,335  
    -----------------------------------------
Number of observations (_N) was 0, now 92,335.

    Result                      Number of obs
    -----------------------------------------
    Not matched                        33,854
        from master                         0  
        from using                     33,854  

    Matched                            92,335  
    -----------------------------------------
Number of observations (_N) was 0, now 92,335.

    Result                      Number of obs
    -----------------------------------------
    Not matched                        33,821
        from master                         0  
        from using                     33,821  

    Matched                            92,335  
    -----------------------------------------
Number of observations (_N) was 0, now 92,335.

    Result                      Number of obs
    -----------------------------------------
    Not matched                        34,022
        from master                         0  
        from using                     34,022  

    Matched                            92,335  
    -----------------------------------------
Number of observations (_N) was 0, now 92,335.

    Result                      Number of obs
    -----------------------------------------
    Not matched                        33,908
        from master                         0  
        from using                     33,908  

    Matched                            92,335  
    -----------------------------------------
Number of observations (_N) was 0, now 92,335.

    Result                      Number of obs
    -----------------------------------------
    Not matched                        33,892
        from master                         0  
        from using                     33,892  

    Matched                            92,335  
    -----------------------------------------
Number of observations (_N) was 0, now 92,335.

    Result                      Number of obs
    -----------------------------------------
    Not matched                        33,878
        from master                         0  
        from using                     33,878  

    Matched                            92,335  
    -----------------------------------------
Number of observations (_N) was 0, now 92,335.

    Result                      Number of obs
    -----------------------------------------
    Not matched                        33,929
        from master                         0  
        from using                     33,929  

    Matched                            92,335  
    -----------------------------------------
Number of observations (_N) was 0, now 92,335.

    Result                      Number of obs
    -----------------------------------------
    Not matched                        33,862
        from master                         0  
        from using                     33,862  

    Matched                            92,335  
    -----------------------------------------
Number of observations (_N) was 0, now 92,335.

    Result                      Number of obs
    -----------------------------------------
    Not matched                        33,978
        from master                         0  
        from using                     33,978  

    Matched                            92,335  
    -----------------------------------------
Number of observations (_N) was 0, now 92,335.

    Result                      Number of obs
    -----------------------------------------
    Not matched                        33,993
        from master                         0  
        from using                     33,993  

    Matched                            92,335  
    -----------------------------------------
Number of observations (_N) was 0, now 92,335.

    Result                      Number of obs
    -----------------------------------------
    Not matched                        33,921
        from master                         0  
        from using                     33,921  

    Matched                            92,335  
    -----------------------------------------
Number of observations (_N) was 0, now 92,335.

    Result                      Number of obs
    -----------------------------------------
    Not matched                        34,050
        from master                         0  
        from using                     34,050  

    Matched                            92,335  
    -----------------------------------------
Number of observations (_N) was 0, now 92,335.

    Result                      Number of obs
    -----------------------------------------
    Not matched                        34,043
        from master                         0  
        from using                     34,043  

    Matched                            92,335  
    -----------------------------------------
Number of observations (_N) was 0, now 92,335.

    Result                      Number of obs
    -----------------------------------------
    Not matched                        33,974
        from master                         0  
        from using                     33,974  

    Matched                            92,335  
    -----------------------------------------
Number of observations (_N) was 0, now 92,335.

    Result                      Number of obs
    -----------------------------------------
    Not matched                        34,031
        from master                         0  
        from using                     34,031  

    Matched                            92,335  
    -----------------------------------------
Number of observations (_N) was 0, now 92,335.

    Result                      Number of obs
    -----------------------------------------
    Not matched                        33,980
        from master                         0  
        from using                     33,980  

    Matched                            92,335  
    -----------------------------------------
Number of observations (_N) was 0, now 92,335.

    Result                      Number of obs
    -----------------------------------------
    Not matched                        34,057
        from master                         0  
        from using                     34,057  

    Matched                            92,335  
    -----------------------------------------
Number of observations (_N) was 0, now 92,335.

    Result                      Number of obs
    -----------------------------------------
    Not matched                        34,001
        from master                         0  
        from using                     34,001  

    Matched                            92,335  
    -----------------------------------------
Number of observations (_N) was 0, now 92,335.

    Result                      Number of obs
    -----------------------------------------
    Not matched                        33,885
        from master                         0  
        from using                     33,885  

    Matched                            92,335  
    -----------------------------------------
Number of observations (_N) was 0, now 92,335.

    Result                      Number of obs
    -----------------------------------------
    Not matched                        33,985
        from master                         0  
        from using                     33,985  

    Matched                            92,335  
    -----------------------------------------
Number of observations (_N) was 0, now 92,335.

    Result                      Number of obs
    -----------------------------------------
    Not matched                        34,008
        from master                         0  
        from using                     34,008  

    Matched                            92,335  
    -----------------------------------------
Number of observations (_N) was 0, now 92,335.

    Result                      Number of obs
    -----------------------------------------
    Not matched                        34,098
        from master                         0  
        from using                     34,098  

    Matched                            92,335  
    -----------------------------------------
Number of observations (_N) was 0, now 92,335.

    Result                      Number of obs
    -----------------------------------------
    Not matched                        33,872
        from master                         0  
        from using                     33,872  

    Matched                            92,335  
    -----------------------------------------
Number of observations (_N) was 0, now 92,335.

    Result                      Number of obs
    -----------------------------------------
    Not matched                        33,936
        from master                         0  
        from using                     33,936  

    Matched                            92,335  
    -----------------------------------------
Number of observations (_N) was 0, now 92,335.

    Result                      Number of obs
    -----------------------------------------
    Not matched                        34,015
        from master                         0  
        from using                     34,015  

    Matched                            92,335  
    -----------------------------------------
Number of observations (_N) was 0, now 92,335.

    Result                      Number of obs
    -----------------------------------------
    Not matched                        33,850
        from master                         0  
        from using                     33,850  

    Matched                            92,335  
    -----------------------------------------
Number of observations (_N) was 0, now 92,335.

    Result                      Number of obs
    -----------------------------------------
    Not matched                        33,886
        from master                         0  
        from using                     33,886  

    Matched                            92,335  
    -----------------------------------------
Number of observations (_N) was 0, now 92,335.

    Result                      Number of obs
    -----------------------------------------
    Not matched                        34,149
        from master                         0  
        from using                     34,149  

    Matched                            92,335  
    -----------------------------------------
Number of observations (_N) was 0, now 92,335.

    Result                      Number of obs
    -----------------------------------------
    Not matched                        33,818
        from master                         0  
        from using                     33,818  

    Matched                            92,335  
    -----------------------------------------
Number of observations (_N) was 0, now 92,335.

    Result                      Number of obs
    -----------------------------------------
    Not matched                        33,844
        from master                         0  
        from using                     33,844  

    Matched                            92,335  
    -----------------------------------------
Number of observations (_N) was 0, now 92,335.

    Result                      Number of obs
    -----------------------------------------
    Not matched                        33,965
        from master                         0  
        from using                     33,965  

    Matched                            92,335  
    -----------------------------------------
Number of observations (_N) was 0, now 92,335.

    Result                      Number of obs
    -----------------------------------------
    Not matched                        34,038
        from master                         0  
        from using                     34,038  

    Matched                            92,335  
    -----------------------------------------
Number of observations (_N) was 0, now 92,335.

    Result                      Number of obs
    -----------------------------------------
    Not matched                        33,796
        from master                         0  
        from using                     33,796  

    Matched                            92,335  
    -----------------------------------------
Number of observations (_N) was 0, now 92,335.

    Result                      Number of obs
    -----------------------------------------
    Not matched                        33,990
        from master                         0  
        from using                     33,990  

    Matched                            92,335  
    -----------------------------------------
Number of observations (_N) was 0, now 92,335.

    Result                      Number of obs
    -----------------------------------------
    Not matched                        34,015
        from master                         0  
        from using                     34,015  

    Matched                            92,335  
    -----------------------------------------
Number of observations (_N) was 0, now 92,335.

    Result                      Number of obs
    -----------------------------------------
    Not matched                        33,908
        from master                         0  
        from using                     33,908  

    Matched                            92,335  
    -----------------------------------------
Number of observations (_N) was 0, now 92,335.

    Result                      Number of obs
    -----------------------------------------
    Not matched                        34,059
        from master                         0  
        from using                     34,059  

    Matched                            92,335  
    -----------------------------------------
Number of observations (_N) was 0, now 92,335.

    Result                      Number of obs
    -----------------------------------------
    Not matched                        33,884
        from master                         0  
        from using                     33,884  

    Matched                            92,335  
    -----------------------------------------
Number of observations (_N) was 0, now 92,335.

    Result                      Number of obs
    -----------------------------------------
    Not matched                        33,763
        from master                         0  
        from using                     33,763  

    Matched                            92,335  
    -----------------------------------------
Number of observations (_N) was 0, now 92,335.

    Result                      Number of obs
    -----------------------------------------
    Not matched                        34,081
        from master                         0  
        from using                     34,081  

    Matched                            92,335  
    -----------------------------------------
Number of observations (_N) was 0, now 92,335.

    Result                      Number of obs
    -----------------------------------------
    Not matched                        33,881
        from master                         0  
        from using                     33,881  

    Matched                            92,335  
    -----------------------------------------
Number of observations (_N) was 0, now 92,335.

    Result                      Number of obs
    -----------------------------------------
    Not matched                        34,108
        from master                         0  
        from using                     34,108  

    Matched                            92,335  
    -----------------------------------------
Number of observations (_N) was 0, now 92,335.

    Result                      Number of obs
    -----------------------------------------
    Not matched                        34,031
        from master                         0  
        from using                     34,031  

    Matched                            92,335  
    -----------------------------------------
Number of observations (_N) was 0, now 92,335.

    Result                      Number of obs
    -----------------------------------------
    Not matched                        34,148
        from master                         0  
        from using                     34,148  

    Matched                            92,335  
    -----------------------------------------
Number of observations (_N) was 0, now 92,335.

    Result                      Number of obs
    -----------------------------------------
    Not matched                        33,893
        from master                         0  
        from using                     33,893  

    Matched                            92,335  
    -----------------------------------------
Number of observations (_N) was 0, now 92,335.

    Result                      Number of obs
    -----------------------------------------
    Not matched                        33,904
        from master                         0  
        from using                     33,904  

    Matched                            92,335  
    -----------------------------------------
Number of observations (_N) was 0, now 92,335.

    Result                      Number of obs
    -----------------------------------------
    Not matched                        34,035
        from master                         0  
        from using                     34,035  

    Matched                            92,335  
    -----------------------------------------
Number of observations (_N) was 0, now 92,335.

    Result                      Number of obs
    -----------------------------------------
    Not matched                        33,927
        from master                         0  
        from using                     33,927  

    Matched                            92,335  
    -----------------------------------------
Number of observations (_N) was 0, now 92,335.

    Result                      Number of obs
    -----------------------------------------
    Not matched                        34,006
        from master                         0  
        from using                     34,006  

    Matched                            92,335  
    -----------------------------------------
Number of observations (_N) was 0, now 92,335.

    Result                      Number of obs
    -----------------------------------------
    Not matched                        33,775
        from master                         0  
        from using                     33,775  

    Matched                            92,335  
    -----------------------------------------
Number of observations (_N) was 0, now 92,335.

    Result                      Number of obs
    -----------------------------------------
    Not matched                        33,977
        from master                         0  
        from using                     33,977  

    Matched                            92,335  
    -----------------------------------------
Number of observations (_N) was 0, now 92,335.

    Result                      Number of obs
    -----------------------------------------
    Not matched                        33,865
        from master                         0  
        from using                     33,865  

    Matched                            92,335  
    -----------------------------------------
Number of observations (_N) was 0, now 92,335.

    Result                      Number of obs
    -----------------------------------------
    Not matched                        33,888
        from master                         0  
        from using                     33,888  

    Matched                            92,335  
    -----------------------------------------
Number of observations (_N) was 0, now 92,335.

    Result                      Number of obs
    -----------------------------------------
    Not matched                        33,974
        from master                         0  
        from using                     33,974  

    Matched                            92,335  
    -----------------------------------------
Number of observations (_N) was 0, now 92,335.

    Result                      Number of obs
    -----------------------------------------
    Not matched                        33,981
        from master                         0  
        from using                     33,981  

    Matched                            92,335  
    -----------------------------------------
Number of observations (_N) was 0, now 92,335.

    Result                      Number of obs
    -----------------------------------------
    Not matched                        34,006
        from master                         0  
        from using                     34,006  

    Matched                            92,335  
    -----------------------------------------
Number of observations (_N) was 0, now 92,335.

    Result                      Number of obs
    -----------------------------------------
    Not matched                        33,895
        from master                         0  
        from using                     33,895  

    Matched                            92,335  
    -----------------------------------------
Number of observations (_N) was 0, now 92,335.

    Result                      Number of obs
    -----------------------------------------
    Not matched                        34,013
        from master                         0  
        from using                     34,013  

    Matched                            92,335  
    -----------------------------------------
Number of observations (_N) was 0, now 92,335.

    Result                      Number of obs
    -----------------------------------------
    Not matched                        33,929
        from master                         0  
        from using                     33,929  

    Matched                            92,335  
    -----------------------------------------
Number of observations (_N) was 0, now 92,335.

    Result                      Number of obs
    -----------------------------------------
    Not matched                        34,105
        from master                         0  
        from using                     34,105  

    Matched                            92,335  
    -----------------------------------------
Number of observations (_N) was 0, now 92,335.

    Result                      Number of obs
    -----------------------------------------
    Not matched                        34,037
        from master                         0  
        from using                     34,037  

    Matched                            92,335  
    -----------------------------------------
Number of observations (_N) was 0, now 92,335.

    Result                      Number of obs
    -----------------------------------------
    Not matched                        34,056
        from master                         0  
        from using                     34,056  

    Matched                            92,335  
    -----------------------------------------
Number of observations (_N) was 0, now 92,335.

    Result                      Number of obs
    -----------------------------------------
    Not matched                        33,897
        from master                         0  
        from using                     33,897  

    Matched                            92,335  
    -----------------------------------------
Number of observations (_N) was 0, now 92,335.

    Result                      Number of obs
    -----------------------------------------
    Not matched                        33,990
        from master                         0  
        from using                     33,990  

    Matched                            92,335  
    -----------------------------------------
Number of observations (_N) was 0, now 92,335.

    Result                      Number of obs
    -----------------------------------------
    Not matched                        33,951
        from master                         0  
        from using                     33,951  

    Matched                            92,335  
    -----------------------------------------
Number of observations (_N) was 0, now 92,335.

    Result                      Number of obs
    -----------------------------------------
    Not matched                        34,039
        from master                         0  
        from using                     34,039  

    Matched                            92,335  
    -----------------------------------------
Number of observations (_N) was 0, now 92,335.

    Result                      Number of obs
    -----------------------------------------
    Not matched                        34,068
        from master                         0  
        from using                     34,068  

    Matched                            92,335  
    -----------------------------------------
Number of observations (_N) was 0, now 92,335.

    Result                      Number of obs
    -----------------------------------------
    Not matched                        33,994
        from master                         0  
        from using                     33,994  

    Matched                            92,335  
    -----------------------------------------
Number of observations (_N) was 0, now 92,335.

    Result                      Number of obs
    -----------------------------------------
    Not matched                        33,974
        from master                         0  
        from using                     33,974  

    Matched                            92,335  
    -----------------------------------------
Number of observations (_N) was 0, now 92,335.

    Result                      Number of obs
    -----------------------------------------
    Not matched                        33,896
        from master                         0  
        from using                     33,896  

    Matched                            92,335  
    -----------------------------------------
Number of observations (_N) was 0, now 92,335.

    Result                      Number of obs
    -----------------------------------------
    Not matched                        34,125
        from master                         0  
        from using                     34,125  

    Matched                            92,335  
    -----------------------------------------
Number of observations (_N) was 0, now 92,335.

    Result                      Number of obs
    -----------------------------------------
    Not matched                        34,151
        from master                         0  
        from using                     34,151  

    Matched                            92,335  
    -----------------------------------------
Number of observations (_N) was 0, now 92,335.

    Result                      Number of obs
    -----------------------------------------
    Not matched                        34,081
        from master                         0  
        from using                     34,081  

    Matched                            92,335  
    -----------------------------------------
Number of observations (_N) was 0, now 92,335.

    Result                      Number of obs
    -----------------------------------------
    Not matched                        33,830
        from master                         0  
        from using                     33,830  

    Matched                            92,335  
    -----------------------------------------
Number of observations (_N) was 0, now 92,335.

    Result                      Number of obs
    -----------------------------------------
    Not matched                        33,830
        from master                         0  
        from using                     33,830  

    Matched                            92,335  
    -----------------------------------------
Number of observations (_N) was 0, now 92,335.

    Result                      Number of obs
    -----------------------------------------
    Not matched                        33,848
        from master                         0  
        from using                     33,848  

    Matched                            92,335  
    -----------------------------------------
Number of observations (_N) was 0, now 92,335.

    Result                      Number of obs
    -----------------------------------------
    Not matched                        34,013
        from master                         0  
        from using                     34,013  

    Matched                            92,335  
    -----------------------------------------
Number of observations (_N) was 0, now 92,335.

    Result                      Number of obs
    -----------------------------------------
    Not matched                        34,021
        from master                         0  
        from using                     34,021  

    Matched                            92,335  
    -----------------------------------------
Number of observations (_N) was 0, now 92,335.

    Result                      Number of obs
    -----------------------------------------
    Not matched                        33,909
        from master                         0  
        from using                     33,909  

    Matched                            92,335  
    -----------------------------------------
Number of observations (_N) was 0, now 92,335.

    Result                      Number of obs
    -----------------------------------------
    Not matched                        33,967
        from master                         0  
        from using                     33,967  

    Matched                            92,335  
    -----------------------------------------
Number of observations (_N) was 0, now 92,335.

    Result                      Number of obs
    -----------------------------------------
    Not matched                        33,843
        from master                         0  
        from using                     33,843  

    Matched                            92,335  
    -----------------------------------------
Number of observations (_N) was 0, now 92,335.

    Result                      Number of obs
    -----------------------------------------
    Not matched                        33,966
        from master                         0  
        from using                     33,966  

    Matched                            92,335  
    -----------------------------------------
Number of observations (_N) was 0, now 92,335.

    Result                      Number of obs
    -----------------------------------------
    Not matched                        33,860
        from master                         0  
        from using                     33,860  

    Matched                            92,335  
    -----------------------------------------
Number of observations (_N) was 0, now 92,335.

    Result                      Number of obs
    -----------------------------------------
    Not matched                        34,230
        from master                         0  
        from using                     34,230  

    Matched                            92,335  
    -----------------------------------------
Number of observations (_N) was 0, now 92,335.

    Result                      Number of obs
    -----------------------------------------
    Not matched                        34,052
        from master                         0  
        from using                     34,052  

    Matched                            92,335  
    -----------------------------------------
Number of observations (_N) was 0, now 92,335.

    Result                      Number of obs
    -----------------------------------------
    Not matched                        33,838
        from master                         0  
        from using                     33,838  

    Matched                            92,335  
    -----------------------------------------
Number of observations (_N) was 0, now 92,335.

    Result                      Number of obs
    -----------------------------------------
    Not matched                        34,034
        from master                         0  
        from using                     34,034  

    Matched                            92,335  
    -----------------------------------------
Number of observations (_N) was 0, now 92,335.

    Result                      Number of obs
    -----------------------------------------
    Not matched                        33,812
        from master                         0  
        from using                     33,812  

    Matched                            92,335  
    -----------------------------------------
Number of observations (_N) was 0, now 92,335.

    Result                      Number of obs
    -----------------------------------------
    Not matched                        33,932
        from master                         0  
        from using                     33,932  

    Matched                            92,335  
    -----------------------------------------
Number of observations (_N) was 0, now 92,335.

    Result                      Number of obs
    -----------------------------------------
    Not matched                        34,024
        from master                         0  
        from using                     34,024  

    Matched                            92,335  
    -----------------------------------------
Number of observations (_N) was 0, now 92,335.

    Result                      Number of obs
    -----------------------------------------
    Not matched                        33,936
        from master                         0  
        from using                     33,936  

    Matched                            92,335  
    -----------------------------------------
Number of observations (_N) was 0, now 92,335.

    Result                      Number of obs
    -----------------------------------------
    Not matched                        34,017
        from master                         0  
        from using                     34,017  

    Matched                            92,335  
    -----------------------------------------
Number of observations (_N) was 0, now 92,335.

    Result                      Number of obs
    -----------------------------------------
    Not matched                        33,978
        from master                         0  
        from using                     33,978  

    Matched                            92,335  
    -----------------------------------------
Number of observations (_N) was 0, now 92,335.

    Result                      Number of obs
    -----------------------------------------
    Not matched                        34,027
        from master                         0  
        from using                     34,027  

    Matched                            92,335  
    -----------------------------------------
Number of observations (_N) was 0, now 92,335.

    Result                      Number of obs
    -----------------------------------------
    Not matched                        33,878
        from master                         0  
        from using                     33,878  

    Matched                            92,335  
    -----------------------------------------
Number of observations (_N) was 0, now 92,335.

    Result                      Number of obs
    -----------------------------------------
    Not matched                        33,822
        from master                         0  
        from using                     33,822  

    Matched                            92,335  
    -----------------------------------------
Number of observations (_N) was 0, now 92,335.

    Result                      Number of obs
    -----------------------------------------
    Not matched                        33,966
        from master                         0  
        from using                     33,966  

    Matched                            92,335  
    -----------------------------------------
Number of observations (_N) was 0, now 92,335.

    Result                      Number of obs
    -----------------------------------------
    Not matched                        34,005
        from master                         0  
        from using                     34,005  

    Matched                            92,335  
    -----------------------------------------
Number of observations (_N) was 0, now 92,335.

    Result                      Number of obs
    -----------------------------------------
    Not matched                        33,967
        from master                         0  
        from using                     33,967  

    Matched                            92,335  
    -----------------------------------------
Number of observations (_N) was 0, now 92,335.

    Result                      Number of obs
    -----------------------------------------
    Not matched                        33,852
        from master                         0  
        from using                     33,852  

    Matched                            92,335  
    -----------------------------------------
Number of observations (_N) was 0, now 92,335.

    Result                      Number of obs
    -----------------------------------------
    Not matched                        34,031
        from master                         0  
        from using                     34,031  

    Matched                            92,335  
    -----------------------------------------
Number of observations (_N) was 0, now 92,335.

    Result                      Number of obs
    -----------------------------------------
    Not matched                        33,891
        from master                         0  
        from using                     33,891  

    Matched                            92,335  
    -----------------------------------------
Number of observations (_N) was 0, now 92,335.

    Result                      Number of obs
    -----------------------------------------
    Not matched                        34,090
        from master                         0  
        from using                     34,090  

    Matched                            92,335  
    -----------------------------------------
Number of observations (_N) was 0, now 92,335.

    Result                      Number of obs
    -----------------------------------------
    Not matched                        33,944
        from master                         0  
        from using                     33,944  

    Matched                            92,335  
    -----------------------------------------
Number of observations (_N) was 0, now 92,335.

    Result                      Number of obs
    -----------------------------------------
    Not matched                        33,832
        from master                         0  
        from using                     33,832  

    Matched                            92,335  
    -----------------------------------------
Number of observations (_N) was 0, now 92,335.

    Result                      Number of obs
    -----------------------------------------
    Not matched                        34,103
        from master                         0  
        from using                     34,103  

    Matched                            92,335  
    -----------------------------------------
Number of observations (_N) was 0, now 92,335.

    Result                      Number of obs
    -----------------------------------------
    Not matched                        34,062
        from master                         0  
        from using                     34,062  

    Matched                            92,335  
    -----------------------------------------
Number of observations (_N) was 0, now 92,335.

    Result                      Number of obs
    -----------------------------------------
    Not matched                        33,983
        from master                         0  
        from using                     33,983  

    Matched                            92,335  
    -----------------------------------------
Number of observations (_N) was 0, now 92,335.

    Result                      Number of obs
    -----------------------------------------
    Not matched                        34,017
        from master                         0  
        from using                     34,017  

    Matched                            92,335  
    -----------------------------------------
Number of observations (_N) was 0, now 92,335.

    Result                      Number of obs
    -----------------------------------------
    Not matched                        33,984
        from master                         0  
        from using                     33,984  

    Matched                            92,335  
    -----------------------------------------
Number of observations (_N) was 0, now 92,335.

    Result                      Number of obs
    -----------------------------------------
    Not matched                        33,917
        from master                         0  
        from using                     33,917  

    Matched                            92,335  
    -----------------------------------------
Number of observations (_N) was 0, now 92,335.

    Result                      Number of obs
    -----------------------------------------
    Not matched                        34,054
        from master                         0  
        from using                     34,054  

    Matched                            92,335  
    -----------------------------------------
Number of observations (_N) was 0, now 92,335.

    Result                      Number of obs
    -----------------------------------------
    Not matched                        33,780
        from master                         0  
        from using                     33,780  

    Matched                            92,335  
    -----------------------------------------
Number of observations (_N) was 0, now 92,335.

    Result                      Number of obs
    -----------------------------------------
    Not matched                        34,053
        from master                         0  
        from using                     34,053  

    Matched                            92,335  
    -----------------------------------------
Number of observations (_N) was 0, now 92,335.

    Result                      Number of obs
    -----------------------------------------
    Not matched                        33,914
        from master                         0  
        from using                     33,914  

    Matched                            92,335  
    -----------------------------------------
Number of observations (_N) was 0, now 92,335.

    Result                      Number of obs
    -----------------------------------------
    Not matched                        33,861
        from master                         0  
        from using                     33,861  

    Matched                            92,335  
    -----------------------------------------
Number of observations (_N) was 0, now 92,335.

    Result                      Number of obs
    -----------------------------------------
    Not matched                        34,020
        from master                         0  
        from using                     34,020  

    Matched                            92,335  
    -----------------------------------------
Number of observations (_N) was 0, now 92,335.

    Result                      Number of obs
    -----------------------------------------
    Not matched                        33,906
        from master                         0  
        from using                     33,906  

    Matched                            92,335  
    -----------------------------------------
Number of observations (_N) was 0, now 92,335.

    Result                      Number of obs
    -----------------------------------------
    Not matched                        33,946
        from master                         0  
        from using                     33,946  

    Matched                            92,335  
    -----------------------------------------
Number of observations (_N) was 0, now 92,335.

    Result                      Number of obs
    -----------------------------------------
    Not matched                        33,972
        from master                         0  
        from using                     33,972  

    Matched                            92,335  
    -----------------------------------------
Number of observations (_N) was 0, now 92,335.

    Result                      Number of obs
    -----------------------------------------
    Not matched                        34,037
        from master                         0  
        from using                     34,037  

    Matched                            92,335  
    -----------------------------------------
Number of observations (_N) was 0, now 92,335.

    Result                      Number of obs
    -----------------------------------------
    Not matched                        34,027
        from master                         0  
        from using                     34,027  

    Matched                            92,335  
    -----------------------------------------
Number of observations (_N) was 0, now 92,335.

    Result                      Number of obs
    -----------------------------------------
    Not matched                        33,869
        from master                         0  
        from using                     33,869  

    Matched                            92,335  
    -----------------------------------------
Number of observations (_N) was 0, now 92,335.

    Result                      Number of obs
    -----------------------------------------
    Not matched                        33,872
        from master                         0  
        from using                     33,872  

    Matched                            92,335  
    -----------------------------------------
Number of observations (_N) was 0, now 92,335.

    Result                      Number of obs
    -----------------------------------------
    Not matched                        34,235
        from master                         0  
        from using                     34,235  

    Matched                            92,335  
    -----------------------------------------
Number of observations (_N) was 0, now 92,335.

    Result                      Number of obs
    -----------------------------------------
    Not matched                        33,854
        from master                         0  
        from using                     33,854  

    Matched                            92,335  
    -----------------------------------------
Number of observations (_N) was 0, now 92,335.

    Result                      Number of obs
    -----------------------------------------
    Not matched                        33,774
        from master                         0  
        from using                     33,774  

    Matched                            92,335  
    -----------------------------------------
Number of observations (_N) was 0, now 92,335.

    Result                      Number of obs
    -----------------------------------------
    Not matched                        34,098
        from master                         0  
        from using                     34,098  

    Matched                            92,335  
    -----------------------------------------
Number of observations (_N) was 0, now 92,335.

    Result                      Number of obs
    -----------------------------------------
    Not matched                        34,129
        from master                         0  
        from using                     34,129  

    Matched                            92,335  
    -----------------------------------------
Number of observations (_N) was 0, now 92,335.

    Result                      Number of obs
    -----------------------------------------
    Not matched                        34,049
        from master                         0  
        from using                     34,049  

    Matched                            92,335  
    -----------------------------------------
Number of observations (_N) was 0, now 92,335.

    Result                      Number of obs
    -----------------------------------------
    Not matched                        33,896
        from master                         0  
        from using                     33,896  

    Matched                            92,335  
    -----------------------------------------
Number of observations (_N) was 0, now 92,335.

    Result                      Number of obs
    -----------------------------------------
    Not matched                        33,747
        from master                         0  
        from using                     33,747  

    Matched                            92,335  
    -----------------------------------------
Number of observations (_N) was 0, now 92,335.

    Result                      Number of obs
    -----------------------------------------
    Not matched                        34,047
        from master                         0  
        from using                     34,047  

    Matched                            92,335  
    -----------------------------------------
Number of observations (_N) was 0, now 92,335.

    Result                      Number of obs
    -----------------------------------------
    Not matched                        34,105
        from master                         0  
        from using                     34,105  

    Matched                            92,335  
    -----------------------------------------
Number of observations (_N) was 0, now 92,335.

    Result                      Number of obs
    -----------------------------------------
    Not matched                        34,004
        from master                         0  
        from using                     34,004  

    Matched                            92,335  
    -----------------------------------------
Number of observations (_N) was 0, now 92,335.

    Result                      Number of obs
    -----------------------------------------
    Not matched                        33,805
        from master                         0  
        from using                     33,805  

    Matched                            92,335  
    -----------------------------------------
Number of observations (_N) was 0, now 92,335.

    Result                      Number of obs
    -----------------------------------------
    Not matched                        33,896
        from master                         0  
        from using                     33,896  

    Matched                            92,335  
    -----------------------------------------
Number of observations (_N) was 0, now 92,335.

    Result                      Number of obs
    -----------------------------------------
    Not matched                        33,930
        from master                         0  
        from using                     33,930  

    Matched                            92,335  
    -----------------------------------------
Number of observations (_N) was 0, now 92,335.

    Result                      Number of obs
    -----------------------------------------
    Not matched                        34,107
        from master                         0  
        from using                     34,107  

    Matched                            92,335  
    -----------------------------------------
Number of observations (_N) was 0, now 92,335.

    Result                      Number of obs
    -----------------------------------------
    Not matched                        33,755
        from master                         0  
        from using                     33,755  

    Matched                            92,335  
    -----------------------------------------
Number of observations (_N) was 0, now 92,335.

    Result                      Number of obs
    -----------------------------------------
    Not matched                        34,003
        from master                         0  
        from using                     34,003  

    Matched                            92,335  
    -----------------------------------------
Number of observations (_N) was 0, now 92,335.

    Result                      Number of obs
    -----------------------------------------
    Not matched                        34,084
        from master                         0  
        from using                     34,084  

    Matched                            92,335  
    -----------------------------------------
Number of observations (_N) was 0, now 92,335.

    Result                      Number of obs
    -----------------------------------------
    Not matched                        33,928
        from master                         0  
        from using                     33,928  

    Matched                            92,335  
    -----------------------------------------
Number of observations (_N) was 0, now 92,335.

    Result                      Number of obs
    -----------------------------------------
    Not matched                        34,029
        from master                         0  
        from using                     34,029  

    Matched                            92,335  
    -----------------------------------------
Number of observations (_N) was 0, now 92,335.

    Result                      Number of obs
    -----------------------------------------
    Not matched                        34,017
        from master                         0  
        from using                     34,017  

    Matched                            92,335  
    -----------------------------------------
Number of observations (_N) was 0, now 92,335.

    Result                      Number of obs
    -----------------------------------------
    Not matched                        34,027
        from master                         0  
        from using                     34,027  

    Matched                            92,335  
    -----------------------------------------
Number of observations (_N) was 0, now 92,335.

    Result                      Number of obs
    -----------------------------------------
    Not matched                        34,027
        from master                         0  
        from using                     34,027  

    Matched                            92,335  
    -----------------------------------------
Number of observations (_N) was 0, now 92,335.

    Result                      Number of obs
    -----------------------------------------
    Not matched                        33,813
        from master                         0  
        from using                     33,813  

    Matched                            92,335  
    -----------------------------------------
Number of observations (_N) was 0, now 92,335.

    Result                      Number of obs
    -----------------------------------------
    Not matched                        33,954
        from master                         0  
        from using                     33,954  

    Matched                            92,335  
    -----------------------------------------
Number of observations (_N) was 0, now 92,335.

    Result                      Number of obs
    -----------------------------------------
    Not matched                        34,063
        from master                         0  
        from using                     34,063  

    Matched                            92,335  
    -----------------------------------------
Number of observations (_N) was 0, now 92,335.

    Result                      Number of obs
    -----------------------------------------
    Not matched                        33,840
        from master                         0  
        from using                     33,840  

    Matched                            92,335  
    -----------------------------------------
Number of observations (_N) was 0, now 92,335.

    Result                      Number of obs
    -----------------------------------------
    Not matched                        33,862
        from master                         0  
        from using                     33,862  

    Matched                            92,335  
    -----------------------------------------
Number of observations (_N) was 0, now 92,335.

    Result                      Number of obs
    -----------------------------------------
    Not matched                        33,991
        from master                         0  
        from using                     33,991  

    Matched                            92,335  
    -----------------------------------------
Number of observations (_N) was 0, now 92,335.

    Result                      Number of obs
    -----------------------------------------
    Not matched                        34,067
        from master                         0  
        from using                     34,067  

    Matched                            92,335  
    -----------------------------------------
Number of observations (_N) was 0, now 92,335.

    Result                      Number of obs
    -----------------------------------------
    Not matched                        33,991
        from master                         0  
        from using                     33,991  

    Matched                            92,335  
    -----------------------------------------
Number of observations (_N) was 0, now 92,335.

    Result                      Number of obs
    -----------------------------------------
    Not matched                        33,954
        from master                         0  
        from using                     33,954  

    Matched                            92,335  
    -----------------------------------------
Number of observations (_N) was 0, now 92,335.

    Result                      Number of obs
    -----------------------------------------
    Not matched                        34,159
        from master                         0  
        from using                     34,159  

    Matched                            92,335  
    -----------------------------------------
Number of observations (_N) was 0, now 92,335.

    Result                      Number of obs
    -----------------------------------------
    Not matched                        33,931
        from master                         0  
        from using                     33,931  

    Matched                            92,335  
    -----------------------------------------
Number of observations (_N) was 0, now 92,335.

    Result                      Number of obs
    -----------------------------------------
    Not matched                        34,126
        from master                         0  
        from using                     34,126  

    Matched                            92,335  
    -----------------------------------------
Number of observations (_N) was 0, now 92,335.

    Result                      Number of obs
    -----------------------------------------
    Not matched                        33,981
        from master                         0  
        from using                     33,981  

    Matched                            92,335  
    -----------------------------------------
Number of observations (_N) was 0, now 92,335.

    Result                      Number of obs
    -----------------------------------------
    Not matched                        33,872
        from master                         0  
        from using                     33,872  

    Matched                            92,335  
    -----------------------------------------
Number of observations (_N) was 0, now 92,335.

    Result                      Number of obs
    -----------------------------------------
    Not matched                        33,937
        from master                         0  
        from using                     33,937  

    Matched                            92,335  
    -----------------------------------------
Number of observations (_N) was 0, now 92,335.

    Result                      Number of obs
    -----------------------------------------
    Not matched                        33,848
        from master                         0  
        from using                     33,848  

    Matched                            92,335  
    -----------------------------------------
Number of observations (_N) was 0, now 92,335.

    Result                      Number of obs
    -----------------------------------------
    Not matched                        33,953
        from master                         0  
        from using                     33,953  

    Matched                            92,335  
    -----------------------------------------
Number of observations (_N) was 0, now 92,335.

    Result                      Number of obs
    -----------------------------------------
    Not matched                        33,858
        from master                         0  
        from using                     33,858  

    Matched                            92,335  
    -----------------------------------------
Number of observations (_N) was 0, now 92,335.

    Result                      Number of obs
    -----------------------------------------
    Not matched                        34,078
        from master                         0  
        from using                     34,078  

    Matched                            92,335  
    -----------------------------------------
Number of observations (_N) was 0, now 92,335.

    Result                      Number of obs
    -----------------------------------------
    Not matched                        33,887
        from master                         0  
        from using                     33,887  

    Matched                            92,335  
    -----------------------------------------
Number of observations (_N) was 0, now 92,335.

    Result                      Number of obs
    -----------------------------------------
    Not matched                        34,079
        from master                         0  
        from using                     34,079  

    Matched                            92,335  
    -----------------------------------------
Number of observations (_N) was 0, now 92,335.

    Result                      Number of obs
    -----------------------------------------
    Not matched                        33,922
        from master                         0  
        from using                     33,922  

    Matched                            92,335  
    -----------------------------------------
Number of observations (_N) was 0, now 92,335.

    Result                      Number of obs
    -----------------------------------------
    Not matched                        33,915
        from master                         0  
        from using                     33,915  

    Matched                            92,335  
    -----------------------------------------
Number of observations (_N) was 0, now 92,335.

    Result                      Number of obs
    -----------------------------------------
    Not matched                        33,946
        from master                         0  
        from using                     33,946  

    Matched                            92,335  
    -----------------------------------------
Number of observations (_N) was 0, now 92,335.

    Result                      Number of obs
    -----------------------------------------
    Not matched                        34,191
        from master                         0  
        from using                     34,191  

    Matched                            92,335  
    -----------------------------------------
Number of observations (_N) was 0, now 92,335.

    Result                      Number of obs
    -----------------------------------------
    Not matched                        33,955
        from master                         0  
        from using                     33,955  

    Matched                            92,335  
    -----------------------------------------
Number of observations (_N) was 0, now 92,335.

    Result                      Number of obs
    -----------------------------------------
    Not matched                        34,028
        from master                         0  
        from using                     34,028  

    Matched                            92,335  
    -----------------------------------------
Number of observations (_N) was 0, now 92,335.

    Result                      Number of obs
    -----------------------------------------
    Not matched                        33,781
        from master                         0  
        from using                     33,781  

    Matched                            92,335  
    -----------------------------------------
Number of observations (_N) was 0, now 92,335.

    Result                      Number of obs
    -----------------------------------------
    Not matched                        33,812
        from master                         0  
        from using                     33,812  

    Matched                            92,335  
    -----------------------------------------
Number of observations (_N) was 0, now 92,335.

    Result                      Number of obs
    -----------------------------------------
    Not matched                        33,940
        from master                         0  
        from using                     33,940  

    Matched                            92,335  
    -----------------------------------------
Number of observations (_N) was 0, now 92,335.

    Result                      Number of obs
    -----------------------------------------
    Not matched                        33,921
        from master                         0  
        from using                     33,921  

    Matched                            92,335  
    -----------------------------------------
Number of observations (_N) was 0, now 92,335.

    Result                      Number of obs
    -----------------------------------------
    Not matched                        34,078
        from master                         0  
        from using                     34,078  

    Matched                            92,335  
    -----------------------------------------
Number of observations (_N) was 0, now 92,335.

    Result                      Number of obs
    -----------------------------------------
    Not matched                        34,061
        from master                         0  
        from using                     34,061  

    Matched                            92,335  
    -----------------------------------------
Number of observations (_N) was 0, now 92,335.

    Result                      Number of obs
    -----------------------------------------
    Not matched                        33,862
        from master                         0  
        from using                     33,862  

    Matched                            92,335  
    -----------------------------------------
Number of observations (_N) was 0, now 92,335.

    Result                      Number of obs
    -----------------------------------------
    Not matched                        33,985
        from master                         0  
        from using                     33,985  

    Matched                            92,335  
    -----------------------------------------
Number of observations (_N) was 0, now 92,335.

    Result                      Number of obs
    -----------------------------------------
    Not matched                        33,920
        from master                         0  
        from using                     33,920  

    Matched                            92,335  
    -----------------------------------------
Number of observations (_N) was 0, now 92,335.

    Result                      Number of obs
    -----------------------------------------
    Not matched                        33,965
        from master                         0  
        from using                     33,965  

    Matched                            92,335  
    -----------------------------------------
Number of observations (_N) was 0, now 92,335.

    Result                      Number of obs
    -----------------------------------------
    Not matched                        33,873
        from master                         0  
        from using                     33,873  

    Matched                            92,335  
    -----------------------------------------
Number of observations (_N) was 0, now 92,335.

    Result                      Number of obs
    -----------------------------------------
    Not matched                        33,867
        from master                         0  
        from using                     33,867  

    Matched                            92,335  
    -----------------------------------------
Number of observations (_N) was 0, now 92,335.

    Result                      Number of obs
    -----------------------------------------
    Not matched                        34,144
        from master                         0  
        from using                     34,144  

    Matched                            92,335  
    -----------------------------------------
Number of observations (_N) was 0, now 92,335.

    Result                      Number of obs
    -----------------------------------------
    Not matched                        34,001
        from master                         0  
        from using                     34,001  

    Matched                            92,335  
    -----------------------------------------
Number of observations (_N) was 0, now 92,335.

    Result                      Number of obs
    -----------------------------------------
    Not matched                        34,043
        from master                         0  
        from using                     34,043  

    Matched                            92,335  
    -----------------------------------------
Number of observations (_N) was 0, now 92,335.

    Result                      Number of obs
    -----------------------------------------
    Not matched                        34,021
        from master                         0  
        from using                     34,021  

    Matched                            92,335  
    -----------------------------------------
Number of observations (_N) was 0, now 92,335.

    Result                      Number of obs
    -----------------------------------------
    Not matched                        33,818
        from master                         0  
        from using                     33,818  

    Matched                            92,335  
    -----------------------------------------
Number of observations (_N) was 0, now 92,335.

    Result                      Number of obs
    -----------------------------------------
    Not matched                        34,058
        from master                         0  
        from using                     34,058  

    Matched                            92,335  
    -----------------------------------------
Number of observations (_N) was 0, now 92,335.

    Result                      Number of obs
    -----------------------------------------
    Not matched                        33,935
        from master                         0  
        from using                     33,935  

    Matched                            92,335  
    -----------------------------------------
Number of observations (_N) was 0, now 92,335.

    Result                      Number of obs
    -----------------------------------------
    Not matched                        33,997
        from master                         0  
        from using                     33,997  

    Matched                            92,335  
    -----------------------------------------
Number of observations (_N) was 0, now 92,335.

    Result                      Number of obs
    -----------------------------------------
    Not matched                        33,967
        from master                         0  
        from using                     33,967  

    Matched                            92,335  
    -----------------------------------------
Number of observations (_N) was 0, now 92,335.

    Result                      Number of obs
    -----------------------------------------
    Not matched                        33,874
        from master                         0  
        from using                     33,874  

    Matched                            92,335  
    -----------------------------------------
Number of observations (_N) was 0, now 92,335.

    Result                      Number of obs
    -----------------------------------------
    Not matched                        33,793
        from master                         0  
        from using                     33,793  

    Matched                            92,335  
    -----------------------------------------
Number of observations (_N) was 0, now 92,335.

    Result                      Number of obs
    -----------------------------------------
    Not matched                        33,978
        from master                         0  
        from using                     33,978  

    Matched                            92,335  
    -----------------------------------------
Number of observations (_N) was 0, now 92,335.

    Result                      Number of obs
    -----------------------------------------
    Not matched                        34,036
        from master                         0  
        from using                     34,036  

    Matched                            92,335  
    -----------------------------------------
Number of observations (_N) was 0, now 92,335.

    Result                      Number of obs
    -----------------------------------------
    Not matched                        34,052
        from master                         0  
        from using                     34,052  

    Matched                            92,335  
    -----------------------------------------
Number of observations (_N) was 0, now 92,335.

    Result                      Number of obs
    -----------------------------------------
    Not matched                        33,876
        from master                         0  
        from using                     33,876  

    Matched                            92,335  
    -----------------------------------------
Number of observations (_N) was 0, now 92,335.

    Result                      Number of obs
    -----------------------------------------
    Not matched                        33,967
        from master                         0  
        from using                     33,967  

    Matched                            92,335  
    -----------------------------------------
Number of observations (_N) was 0, now 92,335.

    Result                      Number of obs
    -----------------------------------------
    Not matched                        34,128
        from master                         0  
        from using                     34,128  

    Matched                            92,335  
    -----------------------------------------
Number of observations (_N) was 0, now 92,335.

    Result                      Number of obs
    -----------------------------------------
    Not matched                        34,018
        from master                         0  
        from using                     34,018  

    Matched                            92,335  
    -----------------------------------------
Number of observations (_N) was 0, now 92,335.

    Result                      Number of obs
    -----------------------------------------
    Not matched                        34,087
        from master                         0  
        from using                     34,087  

    Matched                            92,335  
    -----------------------------------------
Number of observations (_N) was 0, now 92,335.

    Result                      Number of obs
    -----------------------------------------
    Not matched                        33,916
        from master                         0  
        from using                     33,916  

    Matched                            92,335  
    -----------------------------------------
Number of observations (_N) was 0, now 92,335.

    Result                      Number of obs
    -----------------------------------------
    Not matched                        34,004
        from master                         0  
        from using                     34,004  

    Matched                            92,335  
    -----------------------------------------
Number of observations (_N) was 0, now 92,335.

    Result                      Number of obs
    -----------------------------------------
    Not matched                        33,900
        from master                         0  
        from using                     33,900  

    Matched                            92,335  
    -----------------------------------------
Number of observations (_N) was 0, now 92,335.

    Result                      Number of obs
    -----------------------------------------
    Not matched                        33,961
        from master                         0  
        from using                     33,961  

    Matched                            92,335  
    -----------------------------------------
Number of observations (_N) was 0, now 92,335.

    Result                      Number of obs
    -----------------------------------------
    Not matched                        34,208
        from master                         0  
        from using                     34,208  

    Matched                            92,335  
    -----------------------------------------
Number of observations (_N) was 0, now 92,335.

    Result                      Number of obs
    -----------------------------------------
    Not matched                        34,088
        from master                         0  
        from using                     34,088  

    Matched                            92,335  
    -----------------------------------------
Number of observations (_N) was 0, now 92,335.

    Result                      Number of obs
    -----------------------------------------
    Not matched                        33,963
        from master                         0  
        from using                     33,963  

    Matched                            92,335  
    -----------------------------------------
Number of observations (_N) was 0, now 92,335.

    Result                      Number of obs
    -----------------------------------------
    Not matched                        33,962
        from master                         0  
        from using                     33,962  

    Matched                            92,335  
    -----------------------------------------
Number of observations (_N) was 0, now 92,335.

    Result                      Number of obs
    -----------------------------------------
    Not matched                        33,981
        from master                         0  
        from using                     33,981  

    Matched                            92,335  
    -----------------------------------------
Number of observations (_N) was 0, now 92,335.

    Result                      Number of obs
    -----------------------------------------
    Not matched                        33,837
        from master                         0  
        from using                     33,837  

    Matched                            92,335  
    -----------------------------------------
Number of observations (_N) was 0, now 92,335.

    Result                      Number of obs
    -----------------------------------------
    Not matched                        34,022
        from master                         0  
        from using                     34,022  

    Matched                            92,335  
    -----------------------------------------
Number of observations (_N) was 0, now 92,335.

    Result                      Number of obs
    -----------------------------------------
    Not matched                        33,806
        from master                         0  
        from using                     33,806  

    Matched                            92,335  
    -----------------------------------------
Number of observations (_N) was 0, now 92,335.

    Result                      Number of obs
    -----------------------------------------
    Not matched                        33,880
        from master                         0  
        from using                     33,880  

    Matched                            92,335  
    -----------------------------------------
Number of observations (_N) was 0, now 92,335.

    Result                      Number of obs
    -----------------------------------------
    Not matched                        33,928
        from master                         0  
        from using                     33,928  

    Matched                            92,335  
    -----------------------------------------
Number of observations (_N) was 0, now 92,335.

    Result                      Number of obs
    -----------------------------------------
    Not matched                        34,158
        from master                         0  
        from using                     34,158  

    Matched                            92,335  
    -----------------------------------------
Number of observations (_N) was 0, now 92,335.

    Result                      Number of obs
    -----------------------------------------
    Not matched                        34,110
        from master                         0  
        from using                     34,110  

    Matched                            92,335  
    -----------------------------------------
Number of observations (_N) was 0, now 92,335.

    Result                      Number of obs
    -----------------------------------------
    Not matched                        33,842
        from master                         0  
        from using                     33,842  

    Matched                            92,335  
    -----------------------------------------
Number of observations (_N) was 0, now 92,335.

    Result                      Number of obs
    -----------------------------------------
    Not matched                        33,866
        from master                         0  
        from using                     33,866  

    Matched                            92,335  
    -----------------------------------------
Number of observations (_N) was 0, now 92,335.

    Result                      Number of obs
    -----------------------------------------
    Not matched                        33,895
        from master                         0  
        from using                     33,895  

    Matched                            92,335  
    -----------------------------------------
Number of observations (_N) was 0, now 92,335.

    Result                      Number of obs
    -----------------------------------------
    Not matched                        34,045
        from master                         0  
        from using                     34,045  

    Matched                            92,335  
    -----------------------------------------
Number of observations (_N) was 0, now 92,335.

    Result                      Number of obs
    -----------------------------------------
    Not matched                        34,013
        from master                         0  
        from using                     34,013  

    Matched                            92,335  
    -----------------------------------------
Number of observations (_N) was 0, now 92,335.

    Result                      Number of obs
    -----------------------------------------
    Not matched                        33,888
        from master                         0  
        from using                     33,888  

    Matched                            92,335  
    -----------------------------------------
Number of observations (_N) was 0, now 92,335.

    Result                      Number of obs
    -----------------------------------------
    Not matched                        33,925
        from master                         0  
        from using                     33,925  

    Matched                            92,335  
    -----------------------------------------
Number of observations (_N) was 0, now 92,335.

    Result                      Number of obs
    -----------------------------------------
    Not matched                        34,043
        from master                         0  
        from using                     34,043  

    Matched                            92,335  
    -----------------------------------------
Number of observations (_N) was 0, now 92,335.

    Result                      Number of obs
    -----------------------------------------
    Not matched                        33,899
        from master                         0  
        from using                     33,899  

    Matched                            92,335  
    -----------------------------------------
Number of observations (_N) was 0, now 92,335.

    Result                      Number of obs
    -----------------------------------------
    Not matched                        33,945
        from master                         0  
        from using                     33,945  

    Matched                            92,335  
    -----------------------------------------
Number of observations (_N) was 0, now 92,335.

    Result                      Number of obs
    -----------------------------------------
    Not matched                        33,842
        from master                         0  
        from using                     33,842  

    Matched                            92,335  
    -----------------------------------------
Number of observations (_N) was 0, now 92,335.

    Result                      Number of obs
    -----------------------------------------
    Not matched                        33,851
        from master                         0  
        from using                     33,851  

    Matched                            92,335  
    -----------------------------------------
Number of observations (_N) was 0, now 92,335.

    Result                      Number of obs
    -----------------------------------------
    Not matched                        33,766
        from master                         0  
        from using                     33,766  

    Matched                            92,335  
    -----------------------------------------
Number of observations (_N) was 0, now 92,335.

    Result                      Number of obs
    -----------------------------------------
    Not matched                        33,983
        from master                         0  
        from using                     33,983  

    Matched                            92,335  
    -----------------------------------------
Number of observations (_N) was 0, now 92,335.

    Result                      Number of obs
    -----------------------------------------
    Not matched                        33,837
        from master                         0  
        from using                     33,837  

    Matched                            92,335  
    -----------------------------------------
Number of observations (_N) was 0, now 92,335.

    Result                      Number of obs
    -----------------------------------------
    Not matched                        34,020
        from master                         0  
        from using                     34,020  

    Matched                            92,335  
    -----------------------------------------
Number of observations (_N) was 0, now 92,335.

    Result                      Number of obs
    -----------------------------------------
    Not matched                        33,901
        from master                         0  
        from using                     33,901  

    Matched                            92,335  
    -----------------------------------------
Number of observations (_N) was 0, now 92,335.

    Result                      Number of obs
    -----------------------------------------
    Not matched                        33,977
        from master                         0  
        from using                     33,977  

    Matched                            92,335  
    -----------------------------------------
Number of observations (_N) was 0, now 92,335.

    Result                      Number of obs
    -----------------------------------------
    Not matched                        33,903
        from master                         0  
        from using                     33,903  

    Matched                            92,335  
    -----------------------------------------
Number of observations (_N) was 0, now 92,335.

    Result                      Number of obs
    -----------------------------------------
    Not matched                        34,028
        from master                         0  
        from using                     34,028  

    Matched                            92,335  
    -----------------------------------------
Number of observations (_N) was 0, now 92,335.

    Result                      Number of obs
    -----------------------------------------
    Not matched                        33,923
        from master                         0  
        from using                     33,923  

    Matched                            92,335  
    -----------------------------------------
Number of observations (_N) was 0, now 92,335.

    Result                      Number of obs
    -----------------------------------------
    Not matched                        34,110
        from master                         0  
        from using                     34,110  

    Matched                            92,335  
    -----------------------------------------
Number of observations (_N) was 0, now 92,335.

    Result                      Number of obs
    -----------------------------------------
    Not matched                        33,913
        from master                         0  
        from using                     33,913  

    Matched                            92,335  
    -----------------------------------------
Number of observations (_N) was 0, now 92,335.

    Result                      Number of obs
    -----------------------------------------
    Not matched                        33,766
        from master                         0  
        from using                     33,766  

    Matched                            92,335  
    -----------------------------------------
Number of observations (_N) was 0, now 92,335.

    Result                      Number of obs
    -----------------------------------------
    Not matched                        33,828
        from master                         0  
        from using                     33,828  

    Matched                            92,335  
    -----------------------------------------
Number of observations (_N) was 0, now 92,335.

    Result                      Number of obs
    -----------------------------------------
    Not matched                        34,049
        from master                         0  
        from using                     34,049  

    Matched                            92,335  
    -----------------------------------------
Number of observations (_N) was 0, now 92,335.

    Result                      Number of obs
    -----------------------------------------
    Not matched                        34,028
        from master                         0  
        from using                     34,028  

    Matched                            92,335  
    -----------------------------------------
Number of observations (_N) was 0, now 92,335.

    Result                      Number of obs
    -----------------------------------------
    Not matched                        34,095
        from master                         0  
        from using                     34,095  

    Matched                            92,335  
    -----------------------------------------
Number of observations (_N) was 0, now 92,335.

    Result                      Number of obs
    -----------------------------------------
    Not matched                        33,779
        from master                         0  
        from using                     33,779  

    Matched                            92,335  
    -----------------------------------------
Number of observations (_N) was 0, now 92,335.

    Result                      Number of obs
    -----------------------------------------
    Not matched                        33,972
        from master                         0  
        from using                     33,972  

    Matched                            92,335  
    -----------------------------------------
Number of observations (_N) was 0, now 92,335.

    Result                      Number of obs
    -----------------------------------------
    Not matched                        33,947
        from master                         0  
        from using                     33,947  

    Matched                            92,335  
    -----------------------------------------
Number of observations (_N) was 0, now 92,335.

    Result                      Number of obs
    -----------------------------------------
    Not matched                        33,756
        from master                         0  
        from using                     33,756  

    Matched                            92,335  
    -----------------------------------------
Number of observations (_N) was 0, now 92,335.

    Result                      Number of obs
    -----------------------------------------
    Not matched                        34,032
        from master                         0  
        from using                     34,032  

    Matched                            92,335  
    -----------------------------------------
Number of observations (_N) was 0, now 92,335.

    Result                      Number of obs
    -----------------------------------------
    Not matched                        33,893
        from master                         0  
        from using                     33,893  

    Matched                            92,335  
    -----------------------------------------
Number of observations (_N) was 0, now 92,335.

    Result                      Number of obs
    -----------------------------------------
    Not matched                        34,110
        from master                         0  
        from using                     34,110  

    Matched                            92,335  
    -----------------------------------------
Number of observations (_N) was 0, now 92,335.

    Result                      Number of obs
    -----------------------------------------
    Not matched                        33,897
        from master                         0  
        from using                     33,897  

    Matched                            92,335  
    -----------------------------------------
Number of observations (_N) was 0, now 92,335.

    Result                      Number of obs
    -----------------------------------------
    Not matched                        33,936
        from master                         0  
        from using                     33,936  

    Matched                            92,335  
    -----------------------------------------
Number of observations (_N) was 0, now 92,335.

    Result                      Number of obs
    -----------------------------------------
    Not matched                        33,920
        from master                         0  
        from using                     33,920  

    Matched                            92,335  
    -----------------------------------------
Number of observations (_N) was 0, now 92,335.

    Result                      Number of obs
    -----------------------------------------
    Not matched                        33,882
        from master                         0  
        from using                     33,882  

    Matched                            92,335  
    -----------------------------------------
Number of observations (_N) was 0, now 92,335.

    Result                      Number of obs
    -----------------------------------------
    Not matched                        34,090
        from master                         0  
        from using                     34,090  

    Matched                            92,335  
    -----------------------------------------
Number of observations (_N) was 0, now 92,335.

    Result                      Number of obs
    -----------------------------------------
    Not matched                        33,988
        from master                         0  
        from using                     33,988  

    Matched                            92,335  
    -----------------------------------------
Number of observations (_N) was 0, now 92,335.

    Result                      Number of obs
    -----------------------------------------
    Not matched                        34,033
        from master                         0  
        from using                     34,033  

    Matched                            92,335  
    -----------------------------------------
Number of observations (_N) was 0, now 92,335.

    Result                      Number of obs
    -----------------------------------------
    Not matched                        33,972
        from master                         0  
        from using                     33,972  

    Matched                            92,335  
    -----------------------------------------
Number of observations (_N) was 0, now 92,335.

    Result                      Number of obs
    -----------------------------------------
    Not matched                        33,999
        from master                         0  
        from using                     33,999  

    Matched                            92,335  
    -----------------------------------------
Number of observations (_N) was 0, now 92,335.

    Result                      Number of obs
    -----------------------------------------
    Not matched                        34,008
        from master                         0  
        from using                     34,008  

    Matched                            92,335  
    -----------------------------------------
Number of observations (_N) was 0, now 92,335.

    Result                      Number of obs
    -----------------------------------------
    Not matched                        33,901
        from master                         0  
        from using                     33,901  

    Matched                            92,335  
    -----------------------------------------
Number of observations (_N) was 0, now 92,335.

    Result                      Number of obs
    -----------------------------------------
    Not matched                        33,965
        from master                         0  
        from using                     33,965  

    Matched                            92,335  
    -----------------------------------------
Number of observations (_N) was 0, now 92,335.

    Result                      Number of obs
    -----------------------------------------
    Not matched                        33,823
        from master                         0  
        from using                     33,823  

    Matched                            92,335  
    -----------------------------------------
Number of observations (_N) was 0, now 92,335.

    Result                      Number of obs
    -----------------------------------------
    Not matched                        34,018
        from master                         0  
        from using                     34,018  

    Matched                            92,335  
    -----------------------------------------
Number of observations (_N) was 0, now 92,335.

    Result                      Number of obs
    -----------------------------------------
    Not matched                        33,940
        from master                         0  
        from using                     33,940  

    Matched                            92,335  
    -----------------------------------------
Number of observations (_N) was 0, now 92,335.

    Result                      Number of obs
    -----------------------------------------
    Not matched                        34,056
        from master                         0  
        from using                     34,056  

    Matched                            92,335  
    -----------------------------------------
Number of observations (_N) was 0, now 92,335.

    Result                      Number of obs
    -----------------------------------------
    Not matched                        34,016
        from master                         0  
        from using                     34,016  

    Matched                            92,335  
    -----------------------------------------
Number of observations (_N) was 0, now 92,335.

    Result                      Number of obs
    -----------------------------------------
    Not matched                        33,827
        from master                         0  
        from using                     33,827  

    Matched                            92,335  
    -----------------------------------------
Number of observations (_N) was 0, now 92,335.

    Result                      Number of obs
    -----------------------------------------
    Not matched                        33,916
        from master                         0  
        from using                     33,916  

    Matched                            92,335  
    -----------------------------------------
Number of observations (_N) was 0, now 92,335.

    Result                      Number of obs
    -----------------------------------------
    Not matched                        34,064
        from master                         0  
        from using                     34,064  

    Matched                            92,335  
    -----------------------------------------
Number of observations (_N) was 0, now 92,335.

    Result                      Number of obs
    -----------------------------------------
    Not matched                        33,880
        from master                         0  
        from using                     33,880  

    Matched                            92,335  
    -----------------------------------------
Number of observations (_N) was 0, now 92,335.

    Result                      Number of obs
    -----------------------------------------
    Not matched                        33,972
        from master                         0  
        from using                     33,972  

    Matched                            92,335  
    -----------------------------------------
Number of observations (_N) was 0, now 92,335.

    Result                      Number of obs
    -----------------------------------------
    Not matched                        34,012
        from master                         0  
        from using                     34,012  

    Matched                            92,335  
    -----------------------------------------
Number of observations (_N) was 0, now 92,335.

    Result                      Number of obs
    -----------------------------------------
    Not matched                        33,901
        from master                         0  
        from using                     33,901  

    Matched                            92,335  
    -----------------------------------------
Number of observations (_N) was 0, now 92,335.

    Result                      Number of obs
    -----------------------------------------
    Not matched                        33,837
        from master                         0  
        from using                     33,837  

    Matched                            92,335  
    -----------------------------------------
Number of observations (_N) was 0, now 92,335.

    Result                      Number of obs
    -----------------------------------------
    Not matched                        33,883
        from master                         0  
        from using                     33,883  

    Matched                            92,335  
    -----------------------------------------
Number of observations (_N) was 0, now 92,335.

    Result                      Number of obs
    -----------------------------------------
    Not matched                        33,822
        from master                         0  
        from using                     33,822  

    Matched                            92,335  
    -----------------------------------------
Number of observations (_N) was 0, now 92,335.

    Result                      Number of obs
    -----------------------------------------
    Not matched                        33,976
        from master                         0  
        from using                     33,976  

    Matched                            92,335  
    -----------------------------------------
Number of observations (_N) was 0, now 92,335.

    Result                      Number of obs
    -----------------------------------------
    Not matched                        34,044
        from master                         0  
        from using                     34,044  

    Matched                            92,335  
    -----------------------------------------
Number of observations (_N) was 0, now 92,335.

    Result                      Number of obs
    -----------------------------------------
    Not matched                        33,986
        from master                         0  
        from using                     33,986  

    Matched                            92,335  
    -----------------------------------------
Number of observations (_N) was 0, now 92,335.

    Result                      Number of obs
    -----------------------------------------
    Not matched                        34,079
        from master                         0  
        from using                     34,079  

    Matched                            92,335  
    -----------------------------------------
Number of observations (_N) was 0, now 92,335.

    Result                      Number of obs
    -----------------------------------------
    Not matched                        34,058
        from master                         0  
        from using                     34,058  

    Matched                            92,335  
    -----------------------------------------
Number of observations (_N) was 0, now 92,335.

    Result                      Number of obs
    -----------------------------------------
    Not matched                        33,802
        from master                         0  
        from using                     33,802  

    Matched                            92,335  
    -----------------------------------------
Number of observations (_N) was 0, now 92,335.

    Result                      Number of obs
    -----------------------------------------
    Not matched                        34,036
        from master                         0  
        from using                     34,036  

    Matched                            92,335  
    -----------------------------------------
Number of observations (_N) was 0, now 92,335.

    Result                      Number of obs
    -----------------------------------------
    Not matched                        33,961
        from master                         0  
        from using                     33,961  

    Matched                            92,335  
    -----------------------------------------
Number of observations (_N) was 0, now 92,335.

    Result                      Number of obs
    -----------------------------------------
    Not matched                        33,893
        from master                         0  
        from using                     33,893  

    Matched                            92,335  
    -----------------------------------------
Number of observations (_N) was 0, now 92,335.

    Result                      Number of obs
    -----------------------------------------
    Not matched                        33,980
        from master                         0  
        from using                     33,980  

    Matched                            92,335  
    -----------------------------------------
Number of observations (_N) was 0, now 92,335.

    Result                      Number of obs
    -----------------------------------------
    Not matched                        34,009
        from master                         0  
        from using                     34,009  

    Matched                            92,335  
    -----------------------------------------
Number of observations (_N) was 0, now 92,335.

    Result                      Number of obs
    -----------------------------------------
    Not matched                        34,036
        from master                         0  
        from using                     34,036  

    Matched                            92,335  
    -----------------------------------------
Number of observations (_N) was 0, now 92,335.

    Result                      Number of obs
    -----------------------------------------
    Not matched                        34,025
        from master                         0  
        from using                     34,025  

    Matched                            92,335  
    -----------------------------------------
Number of observations (_N) was 0, now 92,335.

    Result                      Number of obs
    -----------------------------------------
    Not matched                        33,899
        from master                         0  
        from using                     33,899  

    Matched                            92,335  
    -----------------------------------------
Number of observations (_N) was 0, now 92,335.

    Result                      Number of obs
    -----------------------------------------
    Not matched                        34,085
        from master                         0  
        from using                     34,085  

    Matched                            92,335  
    -----------------------------------------
Number of observations (_N) was 0, now 92,335.

    Result                      Number of obs
    -----------------------------------------
    Not matched                        34,018
        from master                         0  
        from using                     34,018  

    Matched                            92,335  
    -----------------------------------------
Number of observations (_N) was 0, now 92,335.

    Result                      Number of obs
    -----------------------------------------
    Not matched                        33,967
        from master                         0  
        from using                     33,967  

    Matched                            92,335  
    -----------------------------------------
Number of observations (_N) was 0, now 92,335.

    Result                      Number of obs
    -----------------------------------------
    Not matched                        33,904
        from master                         0  
        from using                     33,904  

    Matched                            92,335  
    -----------------------------------------
Number of observations (_N) was 0, now 92,335.

    Result                      Number of obs
    -----------------------------------------
    Not matched                        33,817
        from master                         0  
        from using                     33,817  

    Matched                            92,335  
    -----------------------------------------
Number of observations (_N) was 0, now 92,335.

    Result                      Number of obs
    -----------------------------------------
    Not matched                        33,972
        from master                         0  
        from using                     33,972  

    Matched                            92,335  
    -----------------------------------------
Number of observations (_N) was 0, now 92,335.

    Result                      Number of obs
    -----------------------------------------
    Not matched                        34,190
        from master                         0  
        from using                     34,190  

    Matched                            92,335  
    -----------------------------------------
Number of observations (_N) was 0, now 92,335.

    Result                      Number of obs
    -----------------------------------------
    Not matched                        34,025
        from master                         0  
        from using                     34,025  

    Matched                            92,335  
    -----------------------------------------
Number of observations (_N) was 0, now 92,335.

    Result                      Number of obs
    -----------------------------------------
    Not matched                        33,910
        from master                         0  
        from using                     33,910  

    Matched                            92,335  
    -----------------------------------------
Number of observations (_N) was 0, now 92,335.

    Result                      Number of obs
    -----------------------------------------
    Not matched                        34,050
        from master                         0  
        from using                     34,050  

    Matched                            92,335  
    -----------------------------------------
Number of observations (_N) was 0, now 92,335.

    Result                      Number of obs
    -----------------------------------------
    Not matched                        34,050
        from master                         0  
        from using                     34,050  

    Matched                            92,335  
    -----------------------------------------
Number of observations (_N) was 0, now 92,335.

    Result                      Number of obs
    -----------------------------------------
    Not matched                        33,841
        from master                         0  
        from using                     33,841  

    Matched                            92,335  
    -----------------------------------------
Number of observations (_N) was 0, now 92,335.

    Result                      Number of obs
    -----------------------------------------
    Not matched                        34,108
        from master                         0  
        from using                     34,108  

    Matched                            92,335  
    -----------------------------------------
Number of observations (_N) was 0, now 92,335.

    Result                      Number of obs
    -----------------------------------------
    Not matched                        33,968
        from master                         0  
        from using                     33,968  

    Matched                            92,335  
    -----------------------------------------
Number of observations (_N) was 0, now 92,335.

    Result                      Number of obs
    -----------------------------------------
    Not matched                        33,789
        from master                         0  
        from using                     33,789  

    Matched                            92,335  
    -----------------------------------------
Number of observations (_N) was 0, now 92,335.

    Result                      Number of obs
    -----------------------------------------
    Not matched                        33,942
        from master                         0  
        from using                     33,942  

    Matched                            92,335  
    -----------------------------------------
Number of observations (_N) was 0, now 92,335.

    Result                      Number of obs
    -----------------------------------------
    Not matched                        34,110
        from master                         0  
        from using                     34,110  

    Matched                            92,335  
    -----------------------------------------
Number of observations (_N) was 0, now 92,335.

    Result                      Number of obs
    -----------------------------------------
    Not matched                        34,021
        from master                         0  
        from using                     34,021  

    Matched                            92,335  
    -----------------------------------------
Number of observations (_N) was 0, now 92,335.

    Result                      Number of obs
    -----------------------------------------
    Not matched                        33,826
        from master                         0  
        from using                     33,826  

    Matched                            92,335  
    -----------------------------------------
Number of observations (_N) was 0, now 92,335.

    Result                      Number of obs
    -----------------------------------------
    Not matched                        34,067
        from master                         0  
        from using                     34,067  

    Matched                            92,335  
    -----------------------------------------
Number of observations (_N) was 0, now 92,335.

    Result                      Number of obs
    -----------------------------------------
    Not matched                        33,958
        from master                         0  
        from using                     33,958  

    Matched                            92,335  
    -----------------------------------------
Number of observations (_N) was 0, now 92,335.

    Result                      Number of obs
    -----------------------------------------
    Not matched                        34,047
        from master                         0  
        from using                     34,047  

    Matched                            92,335  
    -----------------------------------------
Number of observations (_N) was 0, now 92,335.

    Result                      Number of obs
    -----------------------------------------
    Not matched                        33,925
        from master                         0  
        from using                     33,925  

    Matched                            92,335  
    -----------------------------------------
Number of observations (_N) was 0, now 92,335.

    Result                      Number of obs
    -----------------------------------------
    Not matched                        33,851
        from master                         0  
        from using                     33,851  

    Matched                            92,335  
    -----------------------------------------
Number of observations (_N) was 0, now 92,335.

    Result                      Number of obs
    -----------------------------------------
    Not matched                        34,034
        from master                         0  
        from using                     34,034  

    Matched                            92,335  
    -----------------------------------------
Number of observations (_N) was 0, now 92,335.

    Result                      Number of obs
    -----------------------------------------
    Not matched                        34,118
        from master                         0  
        from using                     34,118  

    Matched                            92,335  
    -----------------------------------------
Number of observations (_N) was 0, now 92,335.

    Result                      Number of obs
    -----------------------------------------
    Not matched                        34,045
        from master                         0  
        from using                     34,045  

    Matched                            92,335  
    -----------------------------------------
Number of observations (_N) was 0, now 92,335.

    Result                      Number of obs
    -----------------------------------------
    Not matched                        33,927
        from master                         0  
        from using                     33,927  

    Matched                            92,335  
    -----------------------------------------
Number of observations (_N) was 0, now 92,335.

    Result                      Number of obs
    -----------------------------------------
    Not matched                        33,844
        from master                         0  
        from using                     33,844  

    Matched                            92,335  
    -----------------------------------------
Number of observations (_N) was 0, now 92,335.

    Result                      Number of obs
    -----------------------------------------
    Not matched                        33,839
        from master                         0  
        from using                     33,839  

    Matched                            92,335  
    -----------------------------------------
Number of observations (_N) was 0, now 92,335.

    Result                      Number of obs
    -----------------------------------------
    Not matched                        34,167
        from master                         0  
        from using                     34,167  

    Matched                            92,335  
    -----------------------------------------
Number of observations (_N) was 0, now 92,335.

    Result                      Number of obs
    -----------------------------------------
    Not matched                        33,929
        from master                         0  
        from using                     33,929  

    Matched                            92,335  
    -----------------------------------------
Number of observations (_N) was 0, now 92,335.

    Result                      Number of obs
    -----------------------------------------
    Not matched                        34,011
        from master                         0  
        from using                     34,011  

    Matched                            92,335  
    -----------------------------------------
Number of observations (_N) was 0, now 92,335.

    Result                      Number of obs
    -----------------------------------------
    Not matched                        33,837
        from master                         0  
        from using                     33,837  

    Matched                            92,335  
    -----------------------------------------
Number of observations (_N) was 0, now 92,335.

    Result                      Number of obs
    -----------------------------------------
    Not matched                        33,958
        from master                         0  
        from using                     33,958  

    Matched                            92,335  
    -----------------------------------------
Number of observations (_N) was 0, now 92,335.

    Result                      Number of obs
    -----------------------------------------
    Not matched                        33,989
        from master                         0  
        from using                     33,989  

    Matched                            92,335  
    -----------------------------------------
Number of observations (_N) was 0, now 92,335.

    Result                      Number of obs
    -----------------------------------------
    Not matched                        33,974
        from master                         0  
        from using                     33,974  

    Matched                            92,335  
    -----------------------------------------
Number of observations (_N) was 0, now 92,335.

    Result                      Number of obs
    -----------------------------------------
    Not matched                        33,843
        from master                         0  
        from using                     33,843  

    Matched                            92,335  
    -----------------------------------------
Number of observations (_N) was 0, now 92,335.

    Result                      Number of obs
    -----------------------------------------
    Not matched                        34,030
        from master                         0  
        from using                     34,030  

    Matched                            92,335  
    -----------------------------------------
Number of observations (_N) was 0, now 92,335.

    Result                      Number of obs
    -----------------------------------------
    Not matched                        34,037
        from master                         0  
        from using                     34,037  

    Matched                            92,335  
    -----------------------------------------
Number of observations (_N) was 0, now 92,335.

    Result                      Number of obs
    -----------------------------------------
    Not matched                        33,936
        from master                         0  
        from using                     33,936  

    Matched                            92,335  
    -----------------------------------------
Number of observations (_N) was 0, now 92,335.

    Result                      Number of obs
    -----------------------------------------
    Not matched                        33,816
        from master                         0  
        from using                     33,816  

    Matched                            92,335  
    -----------------------------------------
Number of observations (_N) was 0, now 92,335.

    Result                      Number of obs
    -----------------------------------------
    Not matched                        33,818
        from master                         0  
        from using                     33,818  

    Matched                            92,335  
    -----------------------------------------
Number of observations (_N) was 0, now 92,335.

    Result                      Number of obs
    -----------------------------------------
    Not matched                        33,954
        from master                         0  
        from using                     33,954  

    Matched                            92,335  
    -----------------------------------------
Number of observations (_N) was 0, now 92,335.

    Result                      Number of obs
    -----------------------------------------
    Not matched                        33,960
        from master                         0  
        from using                     33,960  

    Matched                            92,335  
    -----------------------------------------
Number of observations (_N) was 0, now 92,335.

    Result                      Number of obs
    -----------------------------------------
    Not matched                        33,985
        from master                         0  
        from using                     33,985  

    Matched                            92,335  
    -----------------------------------------
Number of observations (_N) was 0, now 92,335.

    Result                      Number of obs
    -----------------------------------------
    Not matched                        33,953
        from master                         0  
        from using                     33,953  

    Matched                            92,335  
    -----------------------------------------
Number of observations (_N) was 0, now 92,335.

    Result                      Number of obs
    -----------------------------------------
    Not matched                        33,861
        from master                         0  
        from using                     33,861  

    Matched                            92,335  
    -----------------------------------------
Number of observations (_N) was 0, now 92,335.

    Result                      Number of obs
    -----------------------------------------
    Not matched                        33,877
        from master                         0  
        from using                     33,877  

    Matched                            92,335  
    -----------------------------------------
Number of observations (_N) was 0, now 92,335.

    Result                      Number of obs
    -----------------------------------------
    Not matched                        34,041
        from master                         0  
        from using                     34,041  

    Matched                            92,335  
    -----------------------------------------
Number of observations (_N) was 0, now 92,335.

    Result                      Number of obs
    -----------------------------------------
    Not matched                        34,005
        from master                         0  
        from using                     34,005  

    Matched                            92,335  
    -----------------------------------------
Number of observations (_N) was 0, now 92,335.

    Result                      Number of obs
    -----------------------------------------
    Not matched                        33,929
        from master                         0  
        from using                     33,929  

    Matched                            92,335  
    -----------------------------------------
Number of observations (_N) was 0, now 92,335.

    Result                      Number of obs
    -----------------------------------------
    Not matched                        33,953
        from master                         0  
        from using                     33,953  

    Matched                            92,335  
    -----------------------------------------
Number of observations (_N) was 0, now 92,335.

    Result                      Number of obs
    -----------------------------------------
    Not matched                        33,973
        from master                         0  
        from using                     33,973  

    Matched                            92,335  
    -----------------------------------------
Number of observations (_N) was 0, now 92,335.

    Result                      Number of obs
    -----------------------------------------
    Not matched                        34,038
        from master                         0  
        from using                     34,038  

    Matched                            92,335  
    -----------------------------------------
Number of observations (_N) was 0, now 92,335.

    Result                      Number of obs
    -----------------------------------------
    Not matched                        34,017
        from master                         0  
        from using                     34,017  

    Matched                            92,335  
    -----------------------------------------
Number of observations (_N) was 0, now 92,335.

    Result                      Number of obs
    -----------------------------------------
    Not matched                        34,028
        from master                         0  
        from using                     34,028  

    Matched                            92,335  
    -----------------------------------------
Number of observations (_N) was 0, now 92,335.

    Result                      Number of obs
    -----------------------------------------
    Not matched                        33,992
        from master                         0  
        from using                     33,992  

    Matched                            92,335  
    -----------------------------------------
Number of observations (_N) was 0, now 92,335.

    Result                      Number of obs
    -----------------------------------------
    Not matched                        33,764
        from master                         0  
        from using                     33,764  

    Matched                            92,335  
    -----------------------------------------
Number of observations (_N) was 0, now 92,335.

    Result                      Number of obs
    -----------------------------------------
    Not matched                        33,890
        from master                         0  
        from using                     33,890  

    Matched                            92,335  
    -----------------------------------------
Number of observations (_N) was 0, now 92,335.

    Result                      Number of obs
    -----------------------------------------
    Not matched                        33,997
        from master                         0  
        from using                     33,997  

    Matched                            92,335  
    -----------------------------------------
Number of observations (_N) was 0, now 92,335.

    Result                      Number of obs
    -----------------------------------------
    Not matched                        33,843
        from master                         0  
        from using                     33,843  

    Matched                            92,335  
    -----------------------------------------
Number of observations (_N) was 0, now 92,335.

    Result                      Number of obs
    -----------------------------------------
    Not matched                        33,964
        from master                         0  
        from using                     33,964  

    Matched                            92,335  
    -----------------------------------------
Number of observations (_N) was 0, now 92,335.

    Result                      Number of obs
    -----------------------------------------
    Not matched                        34,040
        from master                         0  
        from using                     34,040  

    Matched                            92,335  
    -----------------------------------------
Number of observations (_N) was 0, now 92,335.

    Result                      Number of obs
    -----------------------------------------
    Not matched                        34,037
        from master                         0  
        from using                     34,037  

    Matched                            92,335  
    -----------------------------------------
Number of observations (_N) was 0, now 92,335.

    Result                      Number of obs
    -----------------------------------------
    Not matched                        33,836
        from master                         0  
        from using                     33,836  

    Matched                            92,335  
    -----------------------------------------
Number of observations (_N) was 0, now 92,335.

    Result                      Number of obs
    -----------------------------------------
    Not matched                        34,093
        from master                         0  
        from using                     34,093  

    Matched                            92,335  
    -----------------------------------------
Number of observations (_N) was 0, now 92,335.

    Result                      Number of obs
    -----------------------------------------
    Not matched                        33,873
        from master                         0  
        from using                     33,873  

    Matched                            92,335  
    -----------------------------------------
Number of observations (_N) was 0, now 92,335.

    Result                      Number of obs
    -----------------------------------------
    Not matched                        33,967
        from master                         0  
        from using                     33,967  

    Matched                            92,335  
    -----------------------------------------
Number of observations (_N) was 0, now 92,335.

    Result                      Number of obs
    -----------------------------------------
    Not matched                        33,935
        from master                         0  
        from using                     33,935  

    Matched                            92,335  
    -----------------------------------------
Number of observations (_N) was 0, now 92,335.

    Result                      Number of obs
    -----------------------------------------
    Not matched                        33,798
        from master                         0  
        from using                     33,798  

    Matched                            92,335  
    -----------------------------------------
Number of observations (_N) was 0, now 92,335.

    Result                      Number of obs
    -----------------------------------------
    Not matched                        33,985
        from master                         0  
        from using                     33,985  

    Matched                            92,335  
    -----------------------------------------
Number of observations (_N) was 0, now 92,335.

    Result                      Number of obs
    -----------------------------------------
    Not matched                        34,055
        from master                         0  
        from using                     34,055  

    Matched                            92,335  
    -----------------------------------------
Number of observations (_N) was 0, now 92,335.

    Result                      Number of obs
    -----------------------------------------
    Not matched                        33,989
        from master                         0  
        from using                     33,989  

    Matched                            92,335  
    -----------------------------------------
Number of observations (_N) was 0, now 92,335.

    Result                      Number of obs
    -----------------------------------------
    Not matched                        33,945
        from master                         0  
        from using                     33,945  

    Matched                            92,335  
    -----------------------------------------
Number of observations (_N) was 0, now 92,335.

    Result                      Number of obs
    -----------------------------------------
    Not matched                        33,983
        from master                         0  
        from using                     33,983  

    Matched                            92,335  
    -----------------------------------------
Number of observations (_N) was 0, now 92,335.

    Result                      Number of obs
    -----------------------------------------
    Not matched                        33,817
        from master                         0  
        from using                     33,817  

    Matched                            92,335  
    -----------------------------------------
Number of observations (_N) was 0, now 92,335.

    Result                      Number of obs
    -----------------------------------------
    Not matched                        34,006
        from master                         0  
        from using                     34,006  

    Matched                            92,335  
    -----------------------------------------
Number of observations (_N) was 0, now 92,335.

    Result                      Number of obs
    -----------------------------------------
    Not matched                        33,927
        from master                         0  
        from using                     33,927  

    Matched                            92,335  
    -----------------------------------------
Number of observations (_N) was 0, now 92,335.

    Result                      Number of obs
    -----------------------------------------
    Not matched                        34,042
        from master                         0  
        from using                     34,042  

    Matched                            92,335  
    -----------------------------------------
Number of observations (_N) was 0, now 92,335.

    Result                      Number of obs
    -----------------------------------------
    Not matched                        33,891
        from master                         0  
        from using                     33,891  

    Matched                            92,335  
    -----------------------------------------
Number of observations (_N) was 0, now 92,335.

    Result                      Number of obs
    -----------------------------------------
    Not matched                        33,997
        from master                         0  
        from using                     33,997  

    Matched                            92,335  
    -----------------------------------------
Number of observations (_N) was 0, now 92,335.

    Result                      Number of obs
    -----------------------------------------
    Not matched                        33,960
        from master                         0  
        from using                     33,960  

    Matched                            92,335  
    -----------------------------------------
Number of observations (_N) was 0, now 92,335.

    Result                      Number of obs
    -----------------------------------------
    Not matched                        33,950
        from master                         0  
        from using                     33,950  

    Matched                            92,335  
    -----------------------------------------
Number of observations (_N) was 0, now 92,335.

    Result                      Number of obs
    -----------------------------------------
    Not matched                        34,107
        from master                         0  
        from using                     34,107  

    Matched                            92,335  
    -----------------------------------------
Number of observations (_N) was 0, now 92,335.

    Result                      Number of obs
    -----------------------------------------
    Not matched                        34,040
        from master                         0  
        from using                     34,040  

    Matched                            92,335  
    -----------------------------------------
Number of observations (_N) was 0, now 92,335.

    Result                      Number of obs
    -----------------------------------------
    Not matched                        33,894
        from master                         0  
        from using                     33,894  

    Matched                            92,335  
    -----------------------------------------
Number of observations (_N) was 0, now 92,335.

    Result                      Number of obs
    -----------------------------------------
    Not matched                        34,153
        from master                         0  
        from using                     34,153  

    Matched                            92,335  
    -----------------------------------------
Number of observations (_N) was 0, now 92,335.

    Result                      Number of obs
    -----------------------------------------
    Not matched                        34,018
        from master                         0  
        from using                     34,018  

    Matched                            92,335  
    -----------------------------------------
Number of observations (_N) was 0, now 92,335.

    Result                      Number of obs
    -----------------------------------------
    Not matched                        33,913
        from master                         0  
        from using                     33,913  

    Matched                            92,335  
    -----------------------------------------
Number of observations (_N) was 0, now 92,335.

    Result                      Number of obs
    -----------------------------------------
    Not matched                        33,990
        from master                         0  
        from using                     33,990  

    Matched                            92,335  
    -----------------------------------------
Number of observations (_N) was 0, now 92,335.

    Result                      Number of obs
    -----------------------------------------
    Not matched                        33,781
        from master                         0  
        from using                     33,781  

    Matched                            92,335  
    -----------------------------------------
Number of observations (_N) was 0, now 92,335.

    Result                      Number of obs
    -----------------------------------------
    Not matched                        34,082
        from master                         0  
        from using                     34,082  

    Matched                            92,335  
    -----------------------------------------
Number of observations (_N) was 0, now 92,335.

    Result                      Number of obs
    -----------------------------------------
    Not matched                        34,103
        from master                         0  
        from using                     34,103  

    Matched                            92,335  
    -----------------------------------------
Number of observations (_N) was 0, now 92,335.

    Result                      Number of obs
    -----------------------------------------
    Not matched                        34,131
        from master                         0  
        from using                     34,131  

    Matched                            92,335  
    -----------------------------------------
Number of observations (_N) was 0, now 92,335.

    Result                      Number of obs
    -----------------------------------------
    Not matched                        33,966
        from master                         0  
        from using                     33,966  

    Matched                            92,335  
    -----------------------------------------
Number of observations (_N) was 0, now 92,335.

    Result                      Number of obs
    -----------------------------------------
    Not matched                        34,088
        from master                         0  
        from using                     34,088  

    Matched                            92,335  
    -----------------------------------------
Number of observations (_N) was 0, now 92,335.

    Result                      Number of obs
    -----------------------------------------
    Not matched                        34,015
        from master                         0  
        from using                     34,015  

    Matched                            92,335  
    -----------------------------------------
Number of observations (_N) was 0, now 92,335.

    Result                      Number of obs
    -----------------------------------------
    Not matched                        33,936
        from master                         0  
        from using                     33,936  

    Matched                            92,335  
    -----------------------------------------
Number of observations (_N) was 0, now 92,335.

    Result                      Number of obs
    -----------------------------------------
    Not matched                        33,991
        from master                         0  
        from using                     33,991  

    Matched                            92,335  
    -----------------------------------------
Number of observations (_N) was 0, now 92,335.

    Result                      Number of obs
    -----------------------------------------
    Not matched                        33,837
        from master                         0  
        from using                     33,837  

    Matched                            92,335  
    -----------------------------------------
Number of observations (_N) was 0, now 92,335.

    Result                      Number of obs
    -----------------------------------------
    Not matched                        33,989
        from master                         0  
        from using                     33,989  

    Matched                            92,335  
    -----------------------------------------
Number of observations (_N) was 0, now 92,335.

    Result                      Number of obs
    -----------------------------------------
    Not matched                        33,792
        from master                         0  
        from using                     33,792  

    Matched                            92,335  
    -----------------------------------------
Number of observations (_N) was 0, now 92,335.

    Result                      Number of obs
    -----------------------------------------
    Not matched                        33,774
        from master                         0  
        from using                     33,774  

    Matched                            92,335  
    -----------------------------------------
Number of observations (_N) was 0, now 92,335.

    Result                      Number of obs
    -----------------------------------------
    Not matched                        33,891
        from master                         0  
        from using                     33,891  

    Matched                            92,335  
    -----------------------------------------
Number of observations (_N) was 0, now 92,335.

    Result                      Number of obs
    -----------------------------------------
    Not matched                        34,131
        from master                         0  
        from using                     34,131  

    Matched                            92,335  
    -----------------------------------------
Number of observations (_N) was 0, now 92,335.

    Result                      Number of obs
    -----------------------------------------
    Not matched                        33,832
        from master                         0  
        from using                     33,832  

    Matched                            92,335  
    -----------------------------------------
Number of observations (_N) was 0, now 92,335.

    Result                      Number of obs
    -----------------------------------------
    Not matched                        33,869
        from master                         0  
        from using                     33,869  

    Matched                            92,335  
    -----------------------------------------
Number of observations (_N) was 0, now 92,335.

    Result                      Number of obs
    -----------------------------------------
    Not matched                        33,917
        from master                         0  
        from using                     33,917  

    Matched                            92,335  
    -----------------------------------------
Number of observations (_N) was 0, now 92,335.

    Result                      Number of obs
    -----------------------------------------
    Not matched                        34,104
        from master                         0  
        from using                     34,104  

    Matched                            92,335  
    -----------------------------------------
Number of observations (_N) was 0, now 92,335.

    Result                      Number of obs
    -----------------------------------------
    Not matched                        33,945
        from master                         0  
        from using                     33,945  

    Matched                            92,335  
    -----------------------------------------
Number of observations (_N) was 0, now 92,335.

    Result                      Number of obs
    -----------------------------------------
    Not matched                        34,101
        from master                         0  
        from using                     34,101  

    Matched                            92,335  
    -----------------------------------------
Number of observations (_N) was 0, now 92,335.

    Result                      Number of obs
    -----------------------------------------
    Not matched                        33,927
        from master                         0  
        from using                     33,927  

    Matched                            92,335  
    -----------------------------------------
Number of observations (_N) was 0, now 92,335.

    Result                      Number of obs
    -----------------------------------------
    Not matched                        34,058
        from master                         0  
        from using                     34,058  

    Matched                            92,335  
    -----------------------------------------
Number of observations (_N) was 0, now 92,335.

    Result                      Number of obs
    -----------------------------------------
    Not matched                        34,120
        from master                         0  
        from using                     34,120  

    Matched                            92,335  
    -----------------------------------------
Number of observations (_N) was 0, now 92,335.

    Result                      Number of obs
    -----------------------------------------
    Not matched                        34,071
        from master                         0  
        from using                     34,071  

    Matched                            92,335  
    -----------------------------------------
Number of observations (_N) was 0, now 92,335.

    Result                      Number of obs
    -----------------------------------------
    Not matched                        33,853
        from master                         0  
        from using                     33,853  

    Matched                            92,335  
    -----------------------------------------
Number of observations (_N) was 0, now 92,335.

    Result                      Number of obs
    -----------------------------------------
    Not matched                        34,023
        from master                         0  
        from using                     34,023  

    Matched                            92,335  
    -----------------------------------------
Number of observations (_N) was 0, now 92,335.

    Result                      Number of obs
    -----------------------------------------
    Not matched                        33,909
        from master                         0  
        from using                     33,909  

    Matched                            92,335  
    -----------------------------------------
Number of observations (_N) was 0, now 92,335.

    Result                      Number of obs
    -----------------------------------------
    Not matched                        33,790
        from master                         0  
        from using                     33,790  

    Matched                            92,335  
    -----------------------------------------
Number of observations (_N) was 0, now 92,335.

    Result                      Number of obs
    -----------------------------------------
    Not matched                        33,981
        from master                         0  
        from using                     33,981  

    Matched                            92,335  
    -----------------------------------------
Number of observations (_N) was 0, now 92,335.

    Result                      Number of obs
    -----------------------------------------
    Not matched                        33,991
        from master                         0  
        from using                     33,991  

    Matched                            92,335  
    -----------------------------------------
Number of observations (_N) was 0, now 92,335.

    Result                      Number of obs
    -----------------------------------------
    Not matched                        34,041
        from master                         0  
        from using                     34,041  

    Matched                            92,335  
    -----------------------------------------
Number of observations (_N) was 0, now 92,335.

    Result                      Number of obs
    -----------------------------------------
    Not matched                        34,098
        from master                         0  
        from using                     34,098  

    Matched                            92,335  
    -----------------------------------------
Number of observations (_N) was 0, now 92,335.

    Result                      Number of obs
    -----------------------------------------
    Not matched                        34,116
        from master                         0  
        from using                     34,116  

    Matched                            92,335  
    -----------------------------------------
Number of observations (_N) was 0, now 92,335.

    Result                      Number of obs
    -----------------------------------------
    Not matched                        34,038
        from master                         0  
        from using                     34,038  

    Matched                            92,335  
    -----------------------------------------
Number of observations (_N) was 0, now 92,335.

    Result                      Number of obs
    -----------------------------------------
    Not matched                        33,875
        from master                         0  
        from using                     33,875  

    Matched                            92,335  
    -----------------------------------------
Number of observations (_N) was 0, now 92,335.

    Result                      Number of obs
    -----------------------------------------
    Not matched                        34,094
        from master                         0  
        from using                     34,094  

    Matched                            92,335  
    -----------------------------------------
Number of observations (_N) was 0, now 92,335.

    Result                      Number of obs
    -----------------------------------------
    Not matched                        34,068
        from master                         0  
        from using                     34,068  

    Matched                            92,335  
    -----------------------------------------
Number of observations (_N) was 0, now 92,335.

    Result                      Number of obs
    -----------------------------------------
    Not matched                        33,943
        from master                         0  
        from using                     33,943  

    Matched                            92,335  
    -----------------------------------------
Number of observations (_N) was 0, now 92,335.

    Result                      Number of obs
    -----------------------------------------
    Not matched                        33,820
        from master                         0  
        from using                     33,820  

    Matched                            92,335  
    -----------------------------------------
Number of observations (_N) was 0, now 92,335.

    Result                      Number of obs
    -----------------------------------------
    Not matched                        33,793
        from master                         0  
        from using                     33,793  

    Matched                            92,335  
    -----------------------------------------
Number of observations (_N) was 0, now 92,335.

    Result                      Number of obs
    -----------------------------------------
    Not matched                        34,043
        from master                         0  
        from using                     34,043  

    Matched                            92,335  
    -----------------------------------------
Number of observations (_N) was 0, now 92,335.

    Result                      Number of obs
    -----------------------------------------
    Not matched                        33,969
        from master                         0  
        from using                     33,969  

    Matched                            92,335  
    -----------------------------------------
Number of observations (_N) was 0, now 92,335.

    Result                      Number of obs
    -----------------------------------------
    Not matched                        34,138
        from master                         0  
        from using                     34,138  

    Matched                            92,335  
    -----------------------------------------
Number of observations (_N) was 0, now 92,335.

    Result                      Number of obs
    -----------------------------------------
    Not matched                        34,069
        from master                         0  
        from using                     34,069  

    Matched                            92,335  
    -----------------------------------------
Number of observations (_N) was 0, now 92,335.

    Result                      Number of obs
    -----------------------------------------
    Not matched                        33,843
        from master                         0  
        from using                     33,843  

    Matched                            92,335  
    -----------------------------------------
Number of observations (_N) was 0, now 92,335.

    Result                      Number of obs
    -----------------------------------------
    Not matched                        34,018
        from master                         0  
        from using                     34,018  

    Matched                            92,335  
    -----------------------------------------
Number of observations (_N) was 0, now 92,335.

    Result                      Number of obs
    -----------------------------------------
    Not matched                        34,050
        from master                         0  
        from using                     34,050  

    Matched                            92,335  
    -----------------------------------------
Number of observations (_N) was 0, now 92,335.

    Result                      Number of obs
    -----------------------------------------
    Not matched                        34,037
        from master                         0  
        from using                     34,037  

    Matched                            92,335  
    -----------------------------------------
Number of observations (_N) was 0, now 92,335.

    Result                      Number of obs
    -----------------------------------------
    Not matched                        33,925
        from master                         0  
        from using                     33,925  

    Matched                            92,335  
    -----------------------------------------
Number of observations (_N) was 0, now 92,335.

    Result                      Number of obs
    -----------------------------------------
    Not matched                        34,100
        from master                         0  
        from using                     34,100  

    Matched                            92,335  
    -----------------------------------------
Number of observations (_N) was 0, now 92,335.

    Result                      Number of obs
    -----------------------------------------
    Not matched                        33,942
        from master                         0  
        from using                     33,942  

    Matched                            92,335  
    -----------------------------------------
Number of observations (_N) was 0, now 92,335.

    Result                      Number of obs
    -----------------------------------------
    Not matched                        33,914
        from master                         0  
        from using                     33,914  

    Matched                            92,335  
    -----------------------------------------
Number of observations (_N) was 0, now 92,335.

    Result                      Number of obs
    -----------------------------------------
    Not matched                        33,906
        from master                         0  
        from using                     33,906  

    Matched                            92,335  
    -----------------------------------------
Number of observations (_N) was 0, now 92,335.

    Result                      Number of obs
    -----------------------------------------
    Not matched                        34,055
        from master                         0  
        from using                     34,055  

    Matched                            92,335  
    -----------------------------------------
Number of observations (_N) was 0, now 92,335.

    Result                      Number of obs
    -----------------------------------------
    Not matched                        34,065
        from master                         0  
        from using                     34,065  

    Matched                            92,335  
    -----------------------------------------
Number of observations (_N) was 0, now 92,335.

    Result                      Number of obs
    -----------------------------------------
    Not matched                        34,006
        from master                         0  
        from using                     34,006  

    Matched                            92,335  
    -----------------------------------------
Number of observations (_N) was 0, now 92,335.

    Result                      Number of obs
    -----------------------------------------
    Not matched                        34,037
        from master                         0  
        from using                     34,037  

    Matched                            92,335  
    -----------------------------------------
Number of observations (_N) was 0, now 92,335.

    Result                      Number of obs
    -----------------------------------------
    Not matched                        33,876
        from master                         0  
        from using                     33,876  

    Matched                            92,335  
    -----------------------------------------
Number of observations (_N) was 0, now 92,335.

    Result                      Number of obs
    -----------------------------------------
    Not matched                        34,001
        from master                         0  
        from using                     34,001  

    Matched                            92,335  
    -----------------------------------------
Number of observations (_N) was 0, now 92,335.

    Result                      Number of obs
    -----------------------------------------
    Not matched                        34,172
        from master                         0  
        from using                     34,172  

    Matched                            92,335  
    -----------------------------------------
Number of observations (_N) was 0, now 92,335.

    Result                      Number of obs
    -----------------------------------------
    Not matched                        34,044
        from master                         0  
        from using                     34,044  

    Matched                            92,335  
    -----------------------------------------
Number of observations (_N) was 0, now 92,335.

    Result                      Number of obs
    -----------------------------------------
    Not matched                        34,065
        from master                         0  
        from using                     34,065  

    Matched                            92,335  
    -----------------------------------------
Number of observations (_N) was 0, now 92,335.

    Result                      Number of obs
    -----------------------------------------
    Not matched                        33,955
        from master                         0  
        from using                     33,955  

    Matched                            92,335  
    -----------------------------------------
Number of observations (_N) was 0, now 92,335.

    Result                      Number of obs
    -----------------------------------------
    Not matched                        34,118
        from master                         0  
        from using                     34,118  

    Matched                            92,335  
    -----------------------------------------
Number of observations (_N) was 0, now 92,335.

    Result                      Number of obs
    -----------------------------------------
    Not matched                        33,941
        from master                         0  
        from using                     33,941  

    Matched                            92,335  
    -----------------------------------------
Number of observations (_N) was 0, now 92,335.

    Result                      Number of obs
    -----------------------------------------
    Not matched                        33,872
        from master                         0  
        from using                     33,872  

    Matched                            92,335  
    -----------------------------------------
Number of observations (_N) was 0, now 92,335.

    Result                      Number of obs
    -----------------------------------------
    Not matched                        33,777
        from master                         0  
        from using                     33,777  

    Matched                            92,335  
    -----------------------------------------
Number of observations (_N) was 0, now 92,335.

    Result                      Number of obs
    -----------------------------------------
    Not matched                        33,989
        from master                         0  
        from using                     33,989  

    Matched                            92,335  
    -----------------------------------------
Number of observations (_N) was 0, now 92,335.

    Result                      Number of obs
    -----------------------------------------
    Not matched                        34,015
        from master                         0  
        from using                     34,015  

    Matched                            92,335  
    -----------------------------------------
Number of observations (_N) was 0, now 92,335.

    Result                      Number of obs
    -----------------------------------------
    Not matched                        34,140
        from master                         0  
        from using                     34,140  

    Matched                            92,335  
    -----------------------------------------
Number of observations (_N) was 0, now 92,335.

    Result                      Number of obs
    -----------------------------------------
    Not matched                        33,961
        from master                         0  
        from using                     33,961  

    Matched                            92,335  
    -----------------------------------------
Number of observations (_N) was 0, now 92,335.

    Result                      Number of obs
    -----------------------------------------
    Not matched                        34,112
        from master                         0  
        from using                     34,112  

    Matched                            92,335  
    -----------------------------------------
Number of observations (_N) was 0, now 92,335.

    Result                      Number of obs
    -----------------------------------------
    Not matched                        34,010
        from master                         0  
        from using                     34,010  

    Matched                            92,335  
    -----------------------------------------
Number of observations (_N) was 0, now 92,335.

    Result                      Number of obs
    -----------------------------------------
    Not matched                        34,087
        from master                         0  
        from using                     34,087  

    Matched                            92,335  
    -----------------------------------------
Number of observations (_N) was 0, now 92,335.

    Result                      Number of obs
    -----------------------------------------
    Not matched                        33,843
        from master                         0  
        from using                     33,843  

    Matched                            92,335  
    -----------------------------------------
Number of observations (_N) was 0, now 92,335.

    Result                      Number of obs
    -----------------------------------------
    Not matched                        34,105
        from master                         0  
        from using                     34,105  

    Matched                            92,335  
    -----------------------------------------
Number of observations (_N) was 0, now 92,335.

    Result                      Number of obs
    -----------------------------------------
    Not matched                        33,800
        from master                         0  
        from using                     33,800  

    Matched                            92,335  
    -----------------------------------------
Number of observations (_N) was 0, now 92,335.

    Result                      Number of obs
    -----------------------------------------
    Not matched                        34,219
        from master                         0  
        from using                     34,219  

    Matched                            92,335  
    -----------------------------------------
Number of observations (_N) was 0, now 92,335.

    Result                      Number of obs
    -----------------------------------------
    Not matched                        34,170
        from master                         0  
        from using                     34,170  

    Matched                            92,335  
    -----------------------------------------
Number of observations (_N) was 0, now 92,335.

    Result                      Number of obs
    -----------------------------------------
    Not matched                        34,092
        from master                         0  
        from using                     34,092  

    Matched                            92,335  
    -----------------------------------------
Number of observations (_N) was 0, now 92,335.

    Result                      Number of obs
    -----------------------------------------
    Not matched                        34,002
        from master                         0  
        from using                     34,002  

    Matched                            92,335  
    -----------------------------------------
Number of observations (_N) was 0, now 92,335.

    Result                      Number of obs
    -----------------------------------------
    Not matched                        33,953
        from master                         0  
        from using                     33,953  

    Matched                            92,335  
    -----------------------------------------
Number of observations (_N) was 0, now 92,335.

    Result                      Number of obs
    -----------------------------------------
    Not matched                        33,903
        from master                         0  
        from using                     33,903  

    Matched                            92,335  
    -----------------------------------------
Number of observations (_N) was 0, now 92,335.

    Result                      Number of obs
    -----------------------------------------
    Not matched                        33,921
        from master                         0  
        from using                     33,921  

    Matched                            92,335  
    -----------------------------------------
Number of observations (_N) was 0, now 92,335.

    Result                      Number of obs
    -----------------------------------------
    Not matched                        33,869
        from master                         0  
        from using                     33,869  

    Matched                            92,335  
    -----------------------------------------
Number of observations (_N) was 0, now 92,335.

    Result                      Number of obs
    -----------------------------------------
    Not matched                        33,891
        from master                         0  
        from using                     33,891  

    Matched                            92,335  
    -----------------------------------------
Number of observations (_N) was 0, now 92,335.

    Result                      Number of obs
    -----------------------------------------
    Not matched                        33,909
        from master                         0  
        from using                     33,909  

    Matched                            92,335  
    -----------------------------------------
Number of observations (_N) was 0, now 92,335.

    Result                      Number of obs
    -----------------------------------------
    Not matched                        33,931
        from master                         0  
        from using                     33,931  

    Matched                            92,335  
    -----------------------------------------
Number of observations (_N) was 0, now 92,335.

    Result                      Number of obs
    -----------------------------------------
    Not matched                        34,067
        from master                         0  
        from using                     34,067  

    Matched                            92,335  
    -----------------------------------------
Number of observations (_N) was 0, now 92,335.

    Result                      Number of obs
    -----------------------------------------
    Not matched                        34,192
        from master                         0  
        from using                     34,192  

    Matched                            92,335  
    -----------------------------------------
Number of observations (_N) was 0, now 92,335.

    Result                      Number of obs
    -----------------------------------------
    Not matched                        33,881
        from master                         0  
        from using                     33,881  

    Matched                            92,335  
    -----------------------------------------
Number of observations (_N) was 0, now 92,335.

    Result                      Number of obs
    -----------------------------------------
    Not matched                        33,955
        from master                         0  
        from using                     33,955  

    Matched                            92,335  
    -----------------------------------------
Number of observations (_N) was 0, now 92,335.

    Result                      Number of obs
    -----------------------------------------
    Not matched                        34,097
        from master                         0  
        from using                     34,097  

    Matched                            92,335  
    -----------------------------------------
Number of observations (_N) was 0, now 92,335.

    Result                      Number of obs
    -----------------------------------------
    Not matched                        33,705
        from master                         0  
        from using                     33,705  

    Matched                            92,335  
    -----------------------------------------
Number of observations (_N) was 0, now 92,335.

    Result                      Number of obs
    -----------------------------------------
    Not matched                        34,072
        from master                         0  
        from using                     34,072  

    Matched                            92,335  
    -----------------------------------------
Number of observations (_N) was 0, now 92,335.

    Result                      Number of obs
    -----------------------------------------
    Not matched                        33,818
        from master                         0  
        from using                     33,818  

    Matched                            92,335  
    -----------------------------------------
Number of observations (_N) was 0, now 92,335.

    Result                      Number of obs
    -----------------------------------------
    Not matched                        33,875
        from master                         0  
        from using                     33,875  

    Matched                            92,335  
    -----------------------------------------
Number of observations (_N) was 0, now 92,335.

    Result                      Number of obs
    -----------------------------------------
    Not matched                        33,824
        from master                         0  
        from using                     33,824  

    Matched                            92,335  
    -----------------------------------------
Number of observations (_N) was 0, now 92,335.

    Result                      Number of obs
    -----------------------------------------
    Not matched                        34,065
        from master                         0  
        from using                     34,065  

    Matched                            92,335  
    -----------------------------------------
Number of observations (_N) was 0, now 92,335.

    Result                      Number of obs
    -----------------------------------------
    Not matched                        33,970
        from master                         0  
        from using                     33,970  

    Matched                            92,335  
    -----------------------------------------
Number of observations (_N) was 0, now 92,335.

    Result                      Number of obs
    -----------------------------------------
    Not matched                        33,673
        from master                         0  
        from using                     33,673  

    Matched                            92,335  
    -----------------------------------------
Number of observations (_N) was 0, now 92,335.

    Result                      Number of obs
    -----------------------------------------
    Not matched                        34,018
        from master                         0  
        from using                     34,018  

    Matched                            92,335  
    -----------------------------------------
Number of observations (_N) was 0, now 92,335.

    Result                      Number of obs
    -----------------------------------------
    Not matched                        33,945
        from master                         0  
        from using                     33,945  

    Matched                            92,335  
    -----------------------------------------
Number of observations (_N) was 0, now 92,335.

    Result                      Number of obs
    -----------------------------------------
    Not matched                        33,921
        from master                         0  
        from using                     33,921  

    Matched                            92,335  
    -----------------------------------------
Number of observations (_N) was 0, now 92,335.

    Result                      Number of obs
    -----------------------------------------
    Not matched                        33,993
        from master                         0  
        from using                     33,993  

    Matched                            92,335  
    -----------------------------------------
Number of observations (_N) was 0, now 92,335.

    Result                      Number of obs
    -----------------------------------------
    Not matched                        33,733
        from master                         0  
        from using                     33,733  

    Matched                            92,335  
    -----------------------------------------
Number of observations (_N) was 0, now 92,335.

    Result                      Number of obs
    -----------------------------------------
    Not matched                        34,064
        from master                         0  
        from using                     34,064  

    Matched                            92,335  
    -----------------------------------------
Number of observations (_N) was 0, now 92,335.

    Result                      Number of obs
    -----------------------------------------
    Not matched                        33,813
        from master                         0  
        from using                     33,813  

    Matched                            92,335  
    -----------------------------------------
Number of observations (_N) was 0, now 92,335.

    Result                      Number of obs
    -----------------------------------------
    Not matched                        33,947
        from master                         0  
        from using                     33,947  

    Matched                            92,335  
    -----------------------------------------
Number of observations (_N) was 0, now 92,335.

    Result                      Number of obs
    -----------------------------------------
    Not matched                        33,945
        from master                         0  
        from using                     33,945  

    Matched                            92,335  
    -----------------------------------------
Number of observations (_N) was 0, now 92,335.

    Result                      Number of obs
    -----------------------------------------
    Not matched                        33,946
        from master                         0  
        from using                     33,946  

    Matched                            92,335  
    -----------------------------------------
Number of observations (_N) was 0, now 92,335.

    Result                      Number of obs
    -----------------------------------------
    Not matched                        33,802
        from master                         0  
        from using                     33,802  

    Matched                            92,335  
    -----------------------------------------
Number of observations (_N) was 0, now 92,335.

    Result                      Number of obs
    -----------------------------------------
    Not matched                        33,791
        from master                         0  
        from using                     33,791  

    Matched                            92,335  
    -----------------------------------------
Number of observations (_N) was 0, now 92,335.

    Result                      Number of obs
    -----------------------------------------
    Not matched                        33,832
        from master                         0  
        from using                     33,832  

    Matched                            92,335  
    -----------------------------------------
Number of observations (_N) was 0, now 92,335.

    Result                      Number of obs
    -----------------------------------------
    Not matched                        34,062
        from master                         0  
        from using                     34,062  

    Matched                            92,335  
    -----------------------------------------
Number of observations (_N) was 0, now 92,335.

    Result                      Number of obs
    -----------------------------------------
    Not matched                        33,971
        from master                         0  
        from using                     33,971  

    Matched                            92,335  
    -----------------------------------------
Number of observations (_N) was 0, now 92,335.

    Result                      Number of obs
    -----------------------------------------
    Not matched                        33,977
        from master                         0  
        from using                     33,977  

    Matched                            92,335  
    -----------------------------------------
Number of observations (_N) was 0, now 92,335.

    Result                      Number of obs
    -----------------------------------------
    Not matched                        33,989
        from master                         0  
        from using                     33,989  

    Matched                            92,335  
    -----------------------------------------
Number of observations (_N) was 0, now 92,335.

    Result                      Number of obs
    -----------------------------------------
    Not matched                        33,898
        from master                         0  
        from using                     33,898  

    Matched                            92,335  
    -----------------------------------------
Number of observations (_N) was 0, now 92,335.

    Result                      Number of obs
    -----------------------------------------
    Not matched                        33,860
        from master                         0  
        from using                     33,860  

    Matched                            92,335  
    -----------------------------------------
Number of observations (_N) was 0, now 92,335.

    Result                      Number of obs
    -----------------------------------------
    Not matched                        34,079
        from master                         0  
        from using                     34,079  

    Matched                            92,335  
    -----------------------------------------
Number of observations (_N) was 0, now 92,335.

    Result                      Number of obs
    -----------------------------------------
    Not matched                        34,065
        from master                         0  
        from using                     34,065  

    Matched                            92,335  
    -----------------------------------------
Number of observations (_N) was 0, now 92,335.

    Result                      Number of obs
    -----------------------------------------
    Not matched                        33,923
        from master                         0  
        from using                     33,923  

    Matched                            92,335  
    -----------------------------------------
Number of observations (_N) was 0, now 92,335.

    Result                      Number of obs
    -----------------------------------------
    Not matched                        33,872
        from master                         0  
        from using                     33,872  

    Matched                            92,335  
    -----------------------------------------
Number of observations (_N) was 0, now 92,335.

    Result                      Number of obs
    -----------------------------------------
    Not matched                        33,846
        from master                         0  
        from using                     33,846  

    Matched                            92,335  
    -----------------------------------------
Number of observations (_N) was 0, now 92,335.

    Result                      Number of obs
    -----------------------------------------
    Not matched                        34,039
        from master                         0  
        from using                     34,039  

    Matched                            92,335  
    -----------------------------------------
Number of observations (_N) was 0, now 92,335.

    Result                      Number of obs
    -----------------------------------------
    Not matched                        33,847
        from master                         0  
        from using                     33,847  

    Matched                            92,335  
    -----------------------------------------
Number of observations (_N) was 0, now 92,335.

    Result                      Number of obs
    -----------------------------------------
    Not matched                        34,005
        from master                         0  
        from using                     34,005  

    Matched                            92,335  
    -----------------------------------------
Number of observations (_N) was 0, now 92,335.

    Result                      Number of obs
    -----------------------------------------
    Not matched                        33,854
        from master                         0  
        from using                     33,854  

    Matched                            92,335  
    -----------------------------------------
Number of observations (_N) was 0, now 92,335.

    Result                      Number of obs
    -----------------------------------------
    Not matched                        34,051
        from master                         0  
        from using                     34,051  

    Matched                            92,335  
    -----------------------------------------
Number of observations (_N) was 0, now 92,335.

    Result                      Number of obs
    -----------------------------------------
    Not matched                        33,864
        from master                         0  
        from using                     33,864  

    Matched                            92,335  
    -----------------------------------------
Number of observations (_N) was 0, now 92,335.

    Result                      Number of obs
    -----------------------------------------
    Not matched                        33,827
        from master                         0  
        from using                     33,827  

    Matched                            92,335  
    -----------------------------------------
Number of observations (_N) was 0, now 92,335.

    Result                      Number of obs
    -----------------------------------------
    Not matched                        33,886
        from master                         0  
        from using                     33,886  

    Matched                            92,335  
    -----------------------------------------
Number of observations (_N) was 0, now 92,335.

    Result                      Number of obs
    -----------------------------------------
    Not matched                        34,016
        from master                         0  
        from using                     34,016  

    Matched                            92,335  
    -----------------------------------------
Number of observations (_N) was 0, now 92,335.

    Result                      Number of obs
    -----------------------------------------
    Not matched                        33,828
        from master                         0  
        from using                     33,828  

    Matched                            92,335  
    -----------------------------------------
Number of observations (_N) was 0, now 92,335.

    Result                      Number of obs
    -----------------------------------------
    Not matched                        33,901
        from master                         0  
        from using                     33,901  

    Matched                            92,335  
    -----------------------------------------
Number of observations (_N) was 0, now 92,335.

    Result                      Number of obs
    -----------------------------------------
    Not matched                        33,978
        from master                         0  
        from using                     33,978  

    Matched                            92,335  
    -----------------------------------------
Number of observations (_N) was 0, now 92,335.

    Result                      Number of obs
    -----------------------------------------
    Not matched                        33,927
        from master                         0  
        from using                     33,927  

    Matched                            92,335  
    -----------------------------------------
Number of observations (_N) was 0, now 92,335.

    Result                      Number of obs
    -----------------------------------------
    Not matched                        34,079
        from master                         0  
        from using                     34,079  

    Matched                            92,335  
    -----------------------------------------
Number of observations (_N) was 0, now 92,335.

    Result                      Number of obs
    -----------------------------------------
    Not matched                        33,939
        from master                         0  
        from using                     33,939  

    Matched                            92,335  
    -----------------------------------------
Number of observations (_N) was 0, now 92,335.

    Result                      Number of obs
    -----------------------------------------
    Not matched                        33,917
        from master                         0  
        from using                     33,917  

    Matched                            92,335  
    -----------------------------------------
Number of observations (_N) was 0, now 92,335.

    Result                      Number of obs
    -----------------------------------------
    Not matched                        34,007
        from master                         0  
        from using                     34,007  

    Matched                            92,335  
    -----------------------------------------
Number of observations (_N) was 0, now 92,335.

    Result                      Number of obs
    -----------------------------------------
    Not matched                        34,067
        from master                         0  
        from using                     34,067  

    Matched                            92,335  
    -----------------------------------------
Number of observations (_N) was 0, now 92,335.

    Result                      Number of obs
    -----------------------------------------
    Not matched                        33,935
        from master                         0  
        from using                     33,935  

    Matched                            92,335  
    -----------------------------------------
Number of observations (_N) was 0, now 92,335.

    Result                      Number of obs
    -----------------------------------------
    Not matched                        33,931
        from master                         0  
        from using                     33,931  

    Matched                            92,335  
    -----------------------------------------
Number of observations (_N) was 0, now 92,335.

    Result                      Number of obs
    -----------------------------------------
    Not matched                        33,957
        from master                         0  
        from using                     33,957  

    Matched                            92,335  
    -----------------------------------------
Number of observations (_N) was 0, now 92,335.

    Result                      Number of obs
    -----------------------------------------
    Not matched                        34,032
        from master                         0  
        from using                     34,032  

    Matched                            92,335  
    -----------------------------------------
Number of observations (_N) was 0, now 92,335.

    Result                      Number of obs
    -----------------------------------------
    Not matched                        34,050
        from master                         0  
        from using                     34,050  

    Matched                            92,335  
    -----------------------------------------
Number of observations (_N) was 0, now 92,335.

    Result                      Number of obs
    -----------------------------------------
    Not matched                        33,941
        from master                         0  
        from using                     33,941  

    Matched                            92,335  
    -----------------------------------------
Number of observations (_N) was 0, now 92,335.

    Result                      Number of obs
    -----------------------------------------
    Not matched                        33,952
        from master                         0  
        from using                     33,952  

    Matched                            92,335  
    -----------------------------------------
Number of observations (_N) was 0, now 92,335.

    Result                      Number of obs
    -----------------------------------------
    Not matched                        33,811
        from master                         0  
        from using                     33,811  

    Matched                            92,335  
    -----------------------------------------
Number of observations (_N) was 0, now 92,335.

    Result                      Number of obs
    -----------------------------------------
    Not matched                        34,067
        from master                         0  
        from using                     34,067  

    Matched                            92,335  
    -----------------------------------------
Number of observations (_N) was 0, now 92,335.

    Result                      Number of obs
    -----------------------------------------
    Not matched                        34,138
        from master                         0  
        from using                     34,138  

    Matched                            92,335  
    -----------------------------------------
Number of observations (_N) was 0, now 92,335.

    Result                      Number of obs
    -----------------------------------------
    Not matched                        33,986
        from master                         0  
        from using                     33,986  

    Matched                            92,335  
    -----------------------------------------
Number of observations (_N) was 0, now 92,335.

    Result                      Number of obs
    -----------------------------------------
    Not matched                        33,808
        from master                         0  
        from using                     33,808  

    Matched                            92,335  
    -----------------------------------------
Number of observations (_N) was 0, now 92,335.

    Result                      Number of obs
    -----------------------------------------
    Not matched                        34,005
        from master                         0  
        from using                     34,005  

    Matched                            92,335  
    -----------------------------------------
Number of observations (_N) was 0, now 92,335.

    Result                      Number of obs
    -----------------------------------------
    Not matched                        33,847
        from master                         0  
        from using                     33,847  

    Matched                            92,335  
    -----------------------------------------
Number of observations (_N) was 0, now 92,335.

    Result                      Number of obs
    -----------------------------------------
    Not matched                        33,976
        from master                         0  
        from using                     33,976  

    Matched                            92,335  
    -----------------------------------------
Number of observations (_N) was 0, now 92,335.

    Result                      Number of obs
    -----------------------------------------
    Not matched                        33,954
        from master                         0  
        from using                     33,954  

    Matched                            92,335  
    -----------------------------------------
Number of observations (_N) was 0, now 92,335.

    Result                      Number of obs
    -----------------------------------------
    Not matched                        34,058
        from master                         0  
        from using                     34,058  

    Matched                            92,335  
    -----------------------------------------
Number of observations (_N) was 0, now 92,335.

    Result                      Number of obs
    -----------------------------------------
    Not matched                        33,926
        from master                         0  
        from using                     33,926  

    Matched                            92,335  
    -----------------------------------------
Number of observations (_N) was 0, now 92,335.

    Result                      Number of obs
    -----------------------------------------
    Not matched                        34,040
        from master                         0  
        from using                     34,040  

    Matched                            92,335  
    -----------------------------------------
Number of observations (_N) was 0, now 92,335.

    Result                      Number of obs
    -----------------------------------------
    Not matched                        33,958
        from master                         0  
        from using                     33,958  

    Matched                            92,335  
    -----------------------------------------
Number of observations (_N) was 0, now 92,335.

    Result                      Number of obs
    -----------------------------------------
    Not matched                        34,190
        from master                         0  
        from using                     34,190  

    Matched                            92,335  
    -----------------------------------------
Number of observations (_N) was 0, now 92,335.

    Result                      Number of obs
    -----------------------------------------
    Not matched                        33,958
        from master                         0  
        from using                     33,958  

    Matched                            92,335  
    -----------------------------------------
Number of observations (_N) was 0, now 92,335.

    Result                      Number of obs
    -----------------------------------------
    Not matched                        34,055
        from master                         0  
        from using                     34,055  

    Matched                            92,335  
    -----------------------------------------
Number of observations (_N) was 0, now 92,335.

    Result                      Number of obs
    -----------------------------------------
    Not matched                        33,924
        from master                         0  
        from using                     33,924  

    Matched                            92,335  
    -----------------------------------------
Number of observations (_N) was 0, now 92,335.

    Result                      Number of obs
    -----------------------------------------
    Not matched                        33,925
        from master                         0  
        from using                     33,925  

    Matched                            92,335  
    -----------------------------------------
Number of observations (_N) was 0, now 92,335.

    Result                      Number of obs
    -----------------------------------------
    Not matched                        33,899
        from master                         0  
        from using                     33,899  

    Matched                            92,335  
    -----------------------------------------
Number of observations (_N) was 0, now 92,335.

    Result                      Number of obs
    -----------------------------------------
    Not matched                        34,069
        from master                         0  
        from using                     34,069  

    Matched                            92,335  
    -----------------------------------------
Number of observations (_N) was 0, now 92,335.

    Result                      Number of obs
    -----------------------------------------
    Not matched                        34,012
        from master                         0  
        from using                     34,012  

    Matched                            92,335  
    -----------------------------------------
Number of observations (_N) was 0, now 92,335.

    Result                      Number of obs
    -----------------------------------------
    Not matched                        33,991
        from master                         0  
        from using                     33,991  

    Matched                            92,335  
    -----------------------------------------
Number of observations (_N) was 0, now 92,335.

    Result                      Number of obs
    -----------------------------------------
    Not matched                        34,191
        from master                         0  
        from using                     34,191  

    Matched                            92,335  
    -----------------------------------------
Number of observations (_N) was 0, now 92,335.

    Result                      Number of obs
    -----------------------------------------
    Not matched                        33,891
        from master                         0  
        from using                     33,891  

    Matched                            92,335  
    -----------------------------------------
Number of observations (_N) was 0, now 92,335.

    Result                      Number of obs
    -----------------------------------------
    Not matched                        34,104
        from master                         0  
        from using                     34,104  

    Matched                            92,335  
    -----------------------------------------
Number of observations (_N) was 0, now 92,335.

    Result                      Number of obs
    -----------------------------------------
    Not matched                        33,899
        from master                         0  
        from using                     33,899  

    Matched                            92,335  
    -----------------------------------------
Number of observations (_N) was 0, now 92,335.

    Result                      Number of obs
    -----------------------------------------
    Not matched                        33,996
        from master                         0  
        from using                     33,996  

    Matched                            92,335  
    -----------------------------------------
Number of observations (_N) was 0, now 92,335.

    Result                      Number of obs
    -----------------------------------------
    Not matched                        33,917
        from master                         0  
        from using                     33,917  

    Matched                            92,335  
    -----------------------------------------
Number of observations (_N) was 0, now 92,335.

    Result                      Number of obs
    -----------------------------------------
    Not matched                        33,905
        from master                         0  
        from using                     33,905  

    Matched                            92,335  
    -----------------------------------------
Number of observations (_N) was 0, now 92,335.

    Result                      Number of obs
    -----------------------------------------
    Not matched                        33,956
        from master                         0  
        from using                     33,956  

    Matched                            92,335  
    -----------------------------------------
Number of observations (_N) was 0, now 92,335.

    Result                      Number of obs
    -----------------------------------------
    Not matched                        33,991
        from master                         0  
        from using                     33,991  

    Matched                            92,335  
    -----------------------------------------
Number of observations (_N) was 0, now 92,335.

    Result                      Number of obs
    -----------------------------------------
    Not matched                        33,708
        from master                         0  
        from using                     33,708  

    Matched                            92,335  
    -----------------------------------------
Number of observations (_N) was 0, now 92,335.

    Result                      Number of obs
    -----------------------------------------
    Not matched                        33,958
        from master                         0  
        from using                     33,958  

    Matched                            92,335  
    -----------------------------------------
Number of observations (_N) was 0, now 92,335.

    Result                      Number of obs
    -----------------------------------------
    Not matched                        34,011
        from master                         0  
        from using                     34,011  

    Matched                            92,335  
    -----------------------------------------
Number of observations (_N) was 0, now 92,335.

    Result                      Number of obs
    -----------------------------------------
    Not matched                        34,071
        from master                         0  
        from using                     34,071  

    Matched                            92,335  
    -----------------------------------------
Number of observations (_N) was 0, now 92,335.

    Result                      Number of obs
    -----------------------------------------
    Not matched                        33,944
        from master                         0  
        from using                     33,944  

    Matched                            92,335  
    -----------------------------------------
Number of observations (_N) was 0, now 92,335.

    Result                      Number of obs
    -----------------------------------------
    Not matched                        33,927
        from master                         0  
        from using                     33,927  

    Matched                            92,335  
    -----------------------------------------
Number of observations (_N) was 0, now 92,335.

    Result                      Number of obs
    -----------------------------------------
    Not matched                        33,980
        from master                         0  
        from using                     33,980  

    Matched                            92,335  
    -----------------------------------------
Number of observations (_N) was 0, now 92,335.

    Result                      Number of obs
    -----------------------------------------
    Not matched                        34,009
        from master                         0  
        from using                     34,009  

    Matched                            92,335  
    -----------------------------------------
Number of observations (_N) was 0, now 92,335.

    Result                      Number of obs
    -----------------------------------------
    Not matched                        34,068
        from master                         0  
        from using                     34,068  

    Matched                            92,335  
    -----------------------------------------
Number of observations (_N) was 0, now 92,335.

    Result                      Number of obs
    -----------------------------------------
    Not matched                        33,943
        from master                         0  
        from using                     33,943  

    Matched                            92,335  
    -----------------------------------------
Number of observations (_N) was 0, now 92,335.

    Result                      Number of obs
    -----------------------------------------
    Not matched                        34,033
        from master                         0  
        from using                     34,033  

    Matched                            92,335  
    -----------------------------------------
Number of observations (_N) was 0, now 92,335.

    Result                      Number of obs
    -----------------------------------------
    Not matched                        33,930
        from master                         0  
        from using                     33,930  

    Matched                            92,335  
    -----------------------------------------
Number of observations (_N) was 0, now 92,335.

    Result                      Number of obs
    -----------------------------------------
    Not matched                        33,907
        from master                         0  
        from using                     33,907  

    Matched                            92,335  
    -----------------------------------------
Number of observations (_N) was 0, now 92,335.

    Result                      Number of obs
    -----------------------------------------
    Not matched                        34,164
        from master                         0  
        from using                     34,164  

    Matched                            92,335  
    -----------------------------------------
Number of observations (_N) was 0, now 92,335.

    Result                      Number of obs
    -----------------------------------------
    Not matched                        34,080
        from master                         0  
        from using                     34,080  

    Matched                            92,335  
    -----------------------------------------
Number of observations (_N) was 0, now 92,335.

    Result                      Number of obs
    -----------------------------------------
    Not matched                        33,956
        from master                         0  
        from using                     33,956  

    Matched                            92,335  
    -----------------------------------------
Number of observations (_N) was 0, now 92,335.

    Result                      Number of obs
    -----------------------------------------
    Not matched                        33,902
        from master                         0  
        from using                     33,902  

    Matched                            92,335  
    -----------------------------------------
Number of observations (_N) was 0, now 92,335.

    Result                      Number of obs
    -----------------------------------------
    Not matched                        34,083
        from master                         0  
        from using                     34,083  

    Matched                            92,335  
    -----------------------------------------
Number of observations (_N) was 0, now 92,335.

    Result                      Number of obs
    -----------------------------------------
    Not matched                        34,018
        from master                         0  
        from using                     34,018  

    Matched                            92,335  
    -----------------------------------------
Number of observations (_N) was 0, now 92,335.

    Result                      Number of obs
    -----------------------------------------
    Not matched                        34,078
        from master                         0  
        from using                     34,078  

    Matched                            92,335  
    -----------------------------------------
Number of observations (_N) was 0, now 92,335.

    Result                      Number of obs
    -----------------------------------------
    Not matched                        33,970
        from master                         0  
        from using                     33,970  

    Matched                            92,335  
    -----------------------------------------
Number of observations (_N) was 0, now 92,335.

    Result                      Number of obs
    -----------------------------------------
    Not matched                        34,091
        from master                         0  
        from using                     34,091  

    Matched                            92,335  
    -----------------------------------------
Number of observations (_N) was 0, now 92,335.

    Result                      Number of obs
    -----------------------------------------
    Not matched                        33,994
        from master                         0  
        from using                     33,994  

    Matched                            92,335  
    -----------------------------------------
Number of observations (_N) was 0, now 92,335.

    Result                      Number of obs
    -----------------------------------------
    Not matched                        33,882
        from master                         0  
        from using                     33,882  

    Matched                            92,335  
    -----------------------------------------
Number of observations (_N) was 0, now 92,335.

    Result                      Number of obs
    -----------------------------------------
    Not matched                        33,753
        from master                         0  
        from using                     33,753  

    Matched                            92,335  
    -----------------------------------------
Number of observations (_N) was 0, now 92,335.

    Result                      Number of obs
    -----------------------------------------
    Not matched                        33,915
        from master                         0  
        from using                     33,915  

    Matched                            92,335  
    -----------------------------------------
Number of observations (_N) was 0, now 92,335.

    Result                      Number of obs
    -----------------------------------------
    Not matched                        33,891
        from master                         0  
        from using                     33,891  

    Matched                            92,335  
    -----------------------------------------
Number of observations (_N) was 0, now 92,335.

    Result                      Number of obs
    -----------------------------------------
    Not matched                        34,095
        from master                         0  
        from using                     34,095  

    Matched                            92,335  
    -----------------------------------------
Number of observations (_N) was 0, now 92,335.

    Result                      Number of obs
    -----------------------------------------
    Not matched                        33,876
        from master                         0  
        from using                     33,876  

    Matched                            92,335  
    -----------------------------------------
Number of observations (_N) was 0, now 92,335.

    Result                      Number of obs
    -----------------------------------------
    Not matched                        33,976
        from master                         0  
        from using                     33,976  

    Matched                            92,335  
    -----------------------------------------
Number of observations (_N) was 0, now 92,335.

    Result                      Number of obs
    -----------------------------------------
    Not matched                        33,852
        from master                         0  
        from using                     33,852  

    Matched                            92,335  
    -----------------------------------------
Number of observations (_N) was 0, now 92,335.

    Result                      Number of obs
    -----------------------------------------
    Not matched                        34,022
        from master                         0  
        from using                     34,022  

    Matched                            92,335  
    -----------------------------------------
Number of observations (_N) was 0, now 92,335.

    Result                      Number of obs
    -----------------------------------------
    Not matched                        34,009
        from master                         0  
        from using                     34,009  

    Matched                            92,335  
    -----------------------------------------
Number of observations (_N) was 0, now 92,335.

    Result                      Number of obs
    -----------------------------------------
    Not matched                        34,083
        from master                         0  
        from using                     34,083  

    Matched                            92,335  
    -----------------------------------------
Number of observations (_N) was 0, now 92,335.

    Result                      Number of obs
    -----------------------------------------
    Not matched                        34,018
        from master                         0  
        from using                     34,018  

    Matched                            92,335  
    -----------------------------------------
Number of observations (_N) was 0, now 92,335.

    Result                      Number of obs
    -----------------------------------------
    Not matched                        33,873
        from master                         0  
        from using                     33,873  

    Matched                            92,335  
    -----------------------------------------
Number of observations (_N) was 0, now 92,335.

    Result                      Number of obs
    -----------------------------------------
    Not matched                        34,034
        from master                         0  
        from using                     34,034  

    Matched                            92,335  
    -----------------------------------------
Number of observations (_N) was 0, now 92,335.

    Result                      Number of obs
    -----------------------------------------
    Not matched                        34,066
        from master                         0  
        from using                     34,066  

    Matched                            92,335  
    -----------------------------------------
Number of observations (_N) was 0, now 92,335.

    Result                      Number of obs
    -----------------------------------------
    Not matched                        33,950
        from master                         0  
        from using                     33,950  

    Matched                            92,335  
    -----------------------------------------
Number of observations (_N) was 0, now 92,335.

    Result                      Number of obs
    -----------------------------------------
    Not matched                        33,999
        from master                         0  
        from using                     33,999  

    Matched                            92,335  
    -----------------------------------------
Number of observations (_N) was 0, now 92,335.

    Result                      Number of obs
    -----------------------------------------
    Not matched                        34,048
        from master                         0  
        from using                     34,048  

    Matched                            92,335  
    -----------------------------------------
Number of observations (_N) was 0, now 92,335.

    Result                      Number of obs
    -----------------------------------------
    Not matched                        33,978
        from master                         0  
        from using                     33,978  

    Matched                            92,335  
    -----------------------------------------
Number of observations (_N) was 0, now 92,335.

    Result                      Number of obs
    -----------------------------------------
    Not matched                        33,869
        from master                         0  
        from using                     33,869  

    Matched                            92,335  
    -----------------------------------------
Number of observations (_N) was 0, now 92,335.

    Result                      Number of obs
    -----------------------------------------
    Not matched                        33,905
        from master                         0  
        from using                     33,905  

    Matched                            92,335  
    -----------------------------------------
Number of observations (_N) was 0, now 92,335.

    Result                      Number of obs
    -----------------------------------------
    Not matched                        34,073
        from master                         0  
        from using                     34,073  

    Matched                            92,335  
    -----------------------------------------
Number of observations (_N) was 0, now 92,335.

    Result                      Number of obs
    -----------------------------------------
    Not matched                        33,916
        from master                         0  
        from using                     33,916  

    Matched                            92,335  
    -----------------------------------------
Number of observations (_N) was 0, now 92,335.

    Result                      Number of obs
    -----------------------------------------
    Not matched                        33,970
        from master                         0  
        from using                     33,970  

    Matched                            92,335  
    -----------------------------------------
Number of observations (_N) was 0, now 92,335.

    Result                      Number of obs
    -----------------------------------------
    Not matched                        33,982
        from master                         0  
        from using                     33,982  

    Matched                            92,335  
    -----------------------------------------
Number of observations (_N) was 0, now 92,335.

    Result                      Number of obs
    -----------------------------------------
    Not matched                        34,049
        from master                         0  
        from using                     34,049  

    Matched                            92,335  
    -----------------------------------------
Number of observations (_N) was 0, now 92,335.

    Result                      Number of obs
    -----------------------------------------
    Not matched                        33,769
        from master                         0  
        from using                     33,769  

    Matched                            92,335  
    -----------------------------------------
Number of observations (_N) was 0, now 92,335.

    Result                      Number of obs
    -----------------------------------------
    Not matched                        33,939
        from master                         0  
        from using                     33,939  

    Matched                            92,335  
    -----------------------------------------
Number of observations (_N) was 0, now 92,335.

    Result                      Number of obs
    -----------------------------------------
    Not matched                        34,053
        from master                         0  
        from using                     34,053  

    Matched                            92,335  
    -----------------------------------------
Number of observations (_N) was 0, now 92,335.

    Result                      Number of obs
    -----------------------------------------
    Not matched                        33,958
        from master                         0  
        from using                     33,958  

    Matched                            92,335  
    -----------------------------------------
Number of observations (_N) was 0, now 92,335.

    Result                      Number of obs
    -----------------------------------------
    Not matched                        33,972
        from master                         0  
        from using                     33,972  

    Matched                            92,335  
    -----------------------------------------
Number of observations (_N) was 0, now 92,335.

    Result                      Number of obs
    -----------------------------------------
    Not matched                        33,843
        from master                         0  
        from using                     33,843  

    Matched                            92,335  
    -----------------------------------------
Number of observations (_N) was 0, now 92,335.

    Result                      Number of obs
    -----------------------------------------
    Not matched                        33,834
        from master                         0  
        from using                     33,834  

    Matched                            92,335  
    -----------------------------------------
Number of observations (_N) was 0, now 92,335.

    Result                      Number of obs
    -----------------------------------------
    Not matched                        34,111
        from master                         0  
        from using                     34,111  

    Matched                            92,335  
    -----------------------------------------
Number of observations (_N) was 0, now 92,335.

    Result                      Number of obs
    -----------------------------------------
    Not matched                        34,038
        from master                         0  
        from using                     34,038  

    Matched                            92,335  
    -----------------------------------------
Number of observations (_N) was 0, now 92,335.

    Result                      Number of obs
    -----------------------------------------
    Not matched                        33,803
        from master                         0  
        from using                     33,803  

    Matched                            92,335  
    -----------------------------------------
Number of observations (_N) was 0, now 92,335.

    Result                      Number of obs
    -----------------------------------------
    Not matched                        33,989
        from master                         0  
        from using                     33,989  

    Matched                            92,335  
    -----------------------------------------
Number of observations (_N) was 0, now 92,335.

    Result                      Number of obs
    -----------------------------------------
    Not matched                        33,941
        from master                         0  
        from using                     33,941  

    Matched                            92,335  
    -----------------------------------------
Number of observations (_N) was 0, now 92,335.

    Result                      Number of obs
    -----------------------------------------
    Not matched                        34,027
        from master                         0  
        from using                     34,027  

    Matched                            92,335  
    -----------------------------------------
Number of observations (_N) was 0, now 92,335.

    Result                      Number of obs
    -----------------------------------------
    Not matched                        33,995
        from master                         0  
        from using                     33,995  

    Matched                            92,335  
    -----------------------------------------
Number of observations (_N) was 0, now 92,335.

    Result                      Number of obs
    -----------------------------------------
    Not matched                        34,126
        from master                         0  
        from using                     34,126  

    Matched                            92,335  
    -----------------------------------------
Number of observations (_N) was 0, now 92,335.

    Result                      Number of obs
    -----------------------------------------
    Not matched                        33,997
        from master                         0  
        from using                     33,997  

    Matched                            92,335  
    -----------------------------------------
Number of observations (_N) was 0, now 92,335.

    Result                      Number of obs
    -----------------------------------------
    Not matched                        33,922
        from master                         0  
        from using                     33,922  

    Matched                            92,335  
    -----------------------------------------
Number of observations (_N) was 0, now 92,335.

    Result                      Number of obs
    -----------------------------------------
    Not matched                        34,061
        from master                         0  
        from using                     34,061  

    Matched                            92,335  
    -----------------------------------------
Number of observations (_N) was 0, now 92,335.

    Result                      Number of obs
    -----------------------------------------
    Not matched                        33,868
        from master                         0  
        from using                     33,868  

    Matched                            92,335  
    -----------------------------------------
Number of observations (_N) was 0, now 92,335.

    Result                      Number of obs
    -----------------------------------------
    Not matched                        34,098
        from master                         0  
        from using                     34,098  

    Matched                            92,335  
    -----------------------------------------
Number of observations (_N) was 0, now 92,335.

    Result                      Number of obs
    -----------------------------------------
    Not matched                        33,916
        from master                         0  
        from using                     33,916  

    Matched                            92,335  
    -----------------------------------------
Number of observations (_N) was 0, now 92,335.

    Result                      Number of obs
    -----------------------------------------
    Not matched                        33,893
        from master                         0  
        from using                     33,893  

    Matched                            92,335  
    -----------------------------------------
Number of observations (_N) was 0, now 92,335.

    Result                      Number of obs
    -----------------------------------------
    Not matched                        33,900
        from master                         0  
        from using                     33,900  

    Matched                            92,335  
    -----------------------------------------
Number of observations (_N) was 0, now 92,335.

    Result                      Number of obs
    -----------------------------------------
    Not matched                        33,893
        from master                         0  
        from using                     33,893  

    Matched                            92,335  
    -----------------------------------------
Number of observations (_N) was 0, now 92,335.

    Result                      Number of obs
    -----------------------------------------
    Not matched                        33,751
        from master                         0  
        from using                     33,751  

    Matched                            92,335  
    -----------------------------------------
Number of observations (_N) was 0, now 92,335.

    Result                      Number of obs
    -----------------------------------------
    Not matched                        33,932
        from master                         0  
        from using                     33,932  

    Matched                            92,335  
    -----------------------------------------
Number of observations (_N) was 0, now 92,335.

    Result                      Number of obs
    -----------------------------------------
    Not matched                        33,659
        from master                         0  
        from using                     33,659  

    Matched                            92,335  
    -----------------------------------------
Number of observations (_N) was 0, now 92,335.

    Result                      Number of obs
    -----------------------------------------
    Not matched                        34,021
        from master                         0  
        from using                     34,021  

    Matched                            92,335  
    -----------------------------------------
Number of observations (_N) was 0, now 92,335.

    Result                      Number of obs
    -----------------------------------------
    Not matched                        33,983
        from master                         0  
        from using                     33,983  

    Matched                            92,335  
    -----------------------------------------
Number of observations (_N) was 0, now 92,335.

    Result                      Number of obs
    -----------------------------------------
    Not matched                        33,965
        from master                         0  
        from using                     33,965  

    Matched                            92,335  
    -----------------------------------------
Number of observations (_N) was 0, now 92,335.

    Result                      Number of obs
    -----------------------------------------
    Not matched                        33,997
        from master                         0  
        from using                     33,997  

    Matched                            92,335  
    -----------------------------------------
Number of observations (_N) was 0, now 92,335.

    Result                      Number of obs
    -----------------------------------------
    Not matched                        34,055
        from master                         0  
        from using                     34,055  

    Matched                            92,335  
    -----------------------------------------
Number of observations (_N) was 0, now 92,335.

    Result                      Number of obs
    -----------------------------------------
    Not matched                        33,921
        from master                         0  
        from using                     33,921  

    Matched                            92,335  
    -----------------------------------------
Number of observations (_N) was 0, now 92,335.

    Result                      Number of obs
    -----------------------------------------
    Not matched                        34,016
        from master                         0  
        from using                     34,016  

    Matched                            92,335  
    -----------------------------------------
Number of observations (_N) was 0, now 92,335.

    Result                      Number of obs
    -----------------------------------------
    Not matched                        34,256
        from master                         0  
        from using                     34,256  

    Matched                            92,335  
    -----------------------------------------
Number of observations (_N) was 0, now 92,335.

    Result                      Number of obs
    -----------------------------------------
    Not matched                        33,931
        from master                         0  
        from using                     33,931  

    Matched                            92,335  
    -----------------------------------------
Number of observations (_N) was 0, now 92,335.

    Result                      Number of obs
    -----------------------------------------
    Not matched                        33,867
        from master                         0  
        from using                     33,867  

    Matched                            92,335  
    -----------------------------------------
Number of observations (_N) was 0, now 92,335.

    Result                      Number of obs
    -----------------------------------------
    Not matched                        33,794
        from master                         0  
        from using                     33,794  

    Matched                            92,335  
    -----------------------------------------
Number of observations (_N) was 0, now 92,335.

    Result                      Number of obs
    -----------------------------------------
    Not matched                        33,914
        from master                         0  
        from using                     33,914  

    Matched                            92,335  
    -----------------------------------------
Number of observations (_N) was 0, now 92,335.

    Result                      Number of obs
    -----------------------------------------
    Not matched                        33,880
        from master                         0  
        from using                     33,880  

    Matched                            92,335  
    -----------------------------------------
Number of observations (_N) was 0, now 92,335.

    Result                      Number of obs
    -----------------------------------------
    Not matched                        33,720
        from master                         0  
        from using                     33,720  

    Matched                            92,335  
    -----------------------------------------
Number of observations (_N) was 0, now 92,335.

    Result                      Number of obs
    -----------------------------------------
    Not matched                        34,088
        from master                         0  
        from using                     34,088  

    Matched                            92,335  
    -----------------------------------------
Number of observations (_N) was 0, now 92,335.

    Result                      Number of obs
    -----------------------------------------
    Not matched                        33,859
        from master                         0  
        from using                     33,859  

    Matched                            92,335  
    -----------------------------------------
Number of observations (_N) was 0, now 92,335.

    Result                      Number of obs
    -----------------------------------------
    Not matched                        33,878
        from master                         0  
        from using                     33,878  

    Matched                            92,335  
    -----------------------------------------
Number of observations (_N) was 0, now 92,335.

    Result                      Number of obs
    -----------------------------------------
    Not matched                        33,870
        from master                         0  
        from using                     33,870  

    Matched                            92,335  
    -----------------------------------------
Number of observations (_N) was 0, now 92,335.

    Result                      Number of obs
    -----------------------------------------
    Not matched                        33,859
        from master                         0  
        from using                     33,859  

    Matched                            92,335  
    -----------------------------------------
Number of observations (_N) was 0, now 92,335.

    Result                      Number of obs
    -----------------------------------------
    Not matched                        34,085
        from master                         0  
        from using                     34,085  

    Matched                            92,335  
    -----------------------------------------
Number of observations (_N) was 0, now 92,335.

    Result                      Number of obs
    -----------------------------------------
    Not matched                        33,913
        from master                         0  
        from using                     33,913  

    Matched                            92,335  
    -----------------------------------------
Number of observations (_N) was 0, now 92,335.

    Result                      Number of obs
    -----------------------------------------
    Not matched                        33,913
        from master                         0  
        from using                     33,913  

    Matched                            92,335  
    -----------------------------------------
Number of observations (_N) was 0, now 92,335.

    Result                      Number of obs
    -----------------------------------------
    Not matched                        33,905
        from master                         0  
        from using                     33,905  

    Matched                            92,335  
    -----------------------------------------
Number of observations (_N) was 0, now 92,335.

    Result                      Number of obs
    -----------------------------------------
    Not matched                        33,906
        from master                         0  
        from using                     33,906  

    Matched                            92,335  
    -----------------------------------------
Number of observations (_N) was 0, now 92,335.

    Result                      Number of obs
    -----------------------------------------
    Not matched                        34,121
        from master                         0  
        from using                     34,121  

    Matched                            92,335  
    -----------------------------------------
Number of observations (_N) was 0, now 92,335.

    Result                      Number of obs
    -----------------------------------------
    Not matched                        33,797
        from master                         0  
        from using                     33,797  

    Matched                            92,335  
    -----------------------------------------
Number of observations (_N) was 0, now 92,335.

    Result                      Number of obs
    -----------------------------------------
    Not matched                        34,039
        from master                         0  
        from using                     34,039  

    Matched                            92,335  
    -----------------------------------------
Number of observations (_N) was 0, now 92,335.

    Result                      Number of obs
    -----------------------------------------
    Not matched                        33,806
        from master                         0  
        from using                     33,806  

    Matched                            92,335  
    -----------------------------------------
Number of observations (_N) was 0, now 92,335.

    Result                      Number of obs
    -----------------------------------------
    Not matched                        34,028
        from master                         0  
        from using                     34,028  

    Matched                            92,335  
    -----------------------------------------
Number of observations (_N) was 0, now 92,335.

    Result                      Number of obs
    -----------------------------------------
    Not matched                        34,008
        from master                         0  
        from using                     34,008  

    Matched                            92,335  
    -----------------------------------------
Number of observations (_N) was 0, now 92,335.

    Result                      Number of obs
    -----------------------------------------
    Not matched                        33,865
        from master                         0  
        from using                     33,865  

    Matched                            92,335  
    -----------------------------------------
Number of observations (_N) was 0, now 92,335.

    Result                      Number of obs
    -----------------------------------------
    Not matched                        33,884
        from master                         0  
        from using                     33,884  

    Matched                            92,335  
    -----------------------------------------
Number of observations (_N) was 0, now 92,335.

    Result                      Number of obs
    -----------------------------------------
    Not matched                        33,900
        from master                         0  
        from using                     33,900  

    Matched                            92,335  
    -----------------------------------------
Number of observations (_N) was 0, now 92,335.

    Result                      Number of obs
    -----------------------------------------
    Not matched                        34,012
        from master                         0  
        from using                     34,012  

    Matched                            92,335  
    -----------------------------------------
Number of observations (_N) was 0, now 92,335.

    Result                      Number of obs
    -----------------------------------------
    Not matched                        33,993
        from master                         0  
        from using                     33,993  

    Matched                            92,335  
    -----------------------------------------
Number of observations (_N) was 0, now 92,335.

    Result                      Number of obs
    -----------------------------------------
    Not matched                        33,917
        from master                         0  
        from using                     33,917  

    Matched                            92,335  
    -----------------------------------------
Number of observations (_N) was 0, now 92,335.

    Result                      Number of obs
    -----------------------------------------
    Not matched                        33,894
        from master                         0  
        from using                     33,894  

    Matched                            92,335  
    -----------------------------------------
Number of observations (_N) was 0, now 92,335.

    Result                      Number of obs
    -----------------------------------------
    Not matched                        34,002
        from master                         0  
        from using                     34,002  

    Matched                            92,335  
    -----------------------------------------
Number of observations (_N) was 0, now 92,335.

    Result                      Number of obs
    -----------------------------------------
    Not matched                        33,979
        from master                         0  
        from using                     33,979  

    Matched                            92,335  
    -----------------------------------------
Number of observations (_N) was 0, now 92,335.

    Result                      Number of obs
    -----------------------------------------
    Not matched                        33,972
        from master                         0  
        from using                     33,972  

    Matched                            92,335  
    -----------------------------------------
Number of observations (_N) was 0, now 92,335.

    Result                      Number of obs
    -----------------------------------------
    Not matched                        33,970
        from master                         0  
        from using                     33,970  

    Matched                            92,335  
    -----------------------------------------
Number of observations (_N) was 0, now 92,335.

    Result                      Number of obs
    -----------------------------------------
    Not matched                        33,929
        from master                         0  
        from using                     33,929  

    Matched                            92,335  
    -----------------------------------------
Number of observations (_N) was 0, now 92,335.

    Result                      Number of obs
    -----------------------------------------
    Not matched                        34,056
        from master                         0  
        from using                     34,056  

    Matched                            92,335  
    -----------------------------------------
Number of observations (_N) was 0, now 92,335.

    Result                      Number of obs
    -----------------------------------------
    Not matched                        34,093
        from master                         0  
        from using                     34,093  

    Matched                            92,335  
    -----------------------------------------
Number of observations (_N) was 0, now 92,335.

    Result                      Number of obs
    -----------------------------------------
    Not matched                        33,949
        from master                         0  
        from using                     33,949  

    Matched                            92,335  
    -----------------------------------------
Number of observations (_N) was 0, now 92,335.

    Result                      Number of obs
    -----------------------------------------
    Not matched                        33,851
        from master                         0  
        from using                     33,851  

    Matched                            92,335  
    -----------------------------------------
Number of observations (_N) was 0, now 92,335.

    Result                      Number of obs
    -----------------------------------------
    Not matched                        33,954
        from master                         0  
        from using                     33,954  

    Matched                            92,335  
    -----------------------------------------
Number of observations (_N) was 0, now 92,335.

    Result                      Number of obs
    -----------------------------------------
    Not matched                        34,148
        from master                         0  
        from using                     34,148  

    Matched                            92,335  
    -----------------------------------------
Number of observations (_N) was 0, now 92,335.

    Result                      Number of obs
    -----------------------------------------
    Not matched                        34,057
        from master                         0  
        from using                     34,057  

    Matched                            92,335  
    -----------------------------------------
Number of observations (_N) was 0, now 92,335.

    Result                      Number of obs
    -----------------------------------------
    Not matched                        33,887
        from master                         0  
        from using                     33,887  

    Matched                            92,335  
    -----------------------------------------
Number of observations (_N) was 0, now 92,335.

    Result                      Number of obs
    -----------------------------------------
    Not matched                        33,951
        from master                         0  
        from using                     33,951  

    Matched                            92,335  
    -----------------------------------------
Number of observations (_N) was 0, now 92,335.

    Result                      Number of obs
    -----------------------------------------
    Not matched                        33,888
        from master                         0  
        from using                     33,888  

    Matched                            92,335  
    -----------------------------------------
Number of observations (_N) was 0, now 92,335.

    Result                      Number of obs
    -----------------------------------------
    Not matched                        33,821
        from master                         0  
        from using                     33,821  

    Matched                            92,335  
    -----------------------------------------
Number of observations (_N) was 0, now 92,335.

    Result                      Number of obs
    -----------------------------------------
    Not matched                        33,853
        from master                         0  
        from using                     33,853  

    Matched                            92,335  
    -----------------------------------------
Number of observations (_N) was 0, now 92,335.

    Result                      Number of obs
    -----------------------------------------
    Not matched                        33,887
        from master                         0  
        from using                     33,887  

    Matched                            92,335  
    -----------------------------------------
Number of observations (_N) was 0, now 92,335.

    Result                      Number of obs
    -----------------------------------------
    Not matched                        33,925
        from master                         0  
        from using                     33,925  

    Matched                            92,335  
    -----------------------------------------
Number of observations (_N) was 0, now 92,335.

    Result                      Number of obs
    -----------------------------------------
    Not matched                        34,048
        from master                         0  
        from using                     34,048  

    Matched                            92,335  
    -----------------------------------------
Number of observations (_N) was 0, now 92,335.

    Result                      Number of obs
    -----------------------------------------
    Not matched                        34,165
        from master                         0  
        from using                     34,165  

    Matched                            92,335  
    -----------------------------------------
Number of observations (_N) was 0, now 92,335.

    Result                      Number of obs
    -----------------------------------------
    Not matched                        34,022
        from master                         0  
        from using                     34,022  

    Matched                            92,335  
    -----------------------------------------
Number of observations (_N) was 0, now 92,335.

    Result                      Number of obs
    -----------------------------------------
    Not matched                        33,941
        from master                         0  
        from using                     33,941  

    Matched                            92,335  
    -----------------------------------------
Number of observations (_N) was 0, now 92,335.

    Result                      Number of obs
    -----------------------------------------
    Not matched                        33,921
        from master                         0  
        from using                     33,921  

    Matched                            92,335  
    -----------------------------------------
Number of observations (_N) was 0, now 92,335.

    Result                      Number of obs
    -----------------------------------------
    Not matched                        34,006
        from master                         0  
        from using                     34,006  

    Matched                            92,335  
    -----------------------------------------
Number of observations (_N) was 0, now 92,335.

    Result                      Number of obs
    -----------------------------------------
    Not matched                        34,043
        from master                         0  
        from using                     34,043  

    Matched                            92,335  
    -----------------------------------------
Number of observations (_N) was 0, now 92,335.

    Result                      Number of obs
    -----------------------------------------
    Not matched                        34,013
        from master                         0  
        from using                     34,013  

    Matched                            92,335  
    -----------------------------------------
Number of observations (_N) was 0, now 92,335.

    Result                      Number of obs
    -----------------------------------------
    Not matched                        33,917
        from master                         0  
        from using                     33,917  

    Matched                            92,335  
    -----------------------------------------
Number of observations (_N) was 0, now 92,335.

    Result                      Number of obs
    -----------------------------------------
    Not matched                        33,933
        from master                         0  
        from using                     33,933  

    Matched                            92,335  
    -----------------------------------------
Number of observations (_N) was 0, now 92,335.

    Result                      Number of obs
    -----------------------------------------
    Not matched                        33,850
        from master                         0  
        from using                     33,850  

    Matched                            92,335  
    -----------------------------------------
Number of observations (_N) was 0, now 92,335.

    Result                      Number of obs
    -----------------------------------------
    Not matched                        33,857
        from master                         0  
        from using                     33,857  

    Matched                            92,335  
    -----------------------------------------
Number of observations (_N) was 0, now 92,335.

    Result                      Number of obs
    -----------------------------------------
    Not matched                        33,974
        from master                         0  
        from using                     33,974  

    Matched                            92,335  
    -----------------------------------------
Number of observations (_N) was 0, now 92,335.

    Result                      Number of obs
    -----------------------------------------
    Not matched                        34,046
        from master                         0  
        from using                     34,046  

    Matched                            92,335  
    -----------------------------------------
Number of observations (_N) was 0, now 92,335.

    Result                      Number of obs
    -----------------------------------------
    Not matched                        33,953
        from master                         0  
        from using                     33,953  

    Matched                            92,335  
    -----------------------------------------
Number of observations (_N) was 0, now 92,335.

    Result                      Number of obs
    -----------------------------------------
    Not matched                        34,037
        from master                         0  
        from using                     34,037  

    Matched                            92,335  
    -----------------------------------------
Number of observations (_N) was 0, now 92,335.

    Result                      Number of obs
    -----------------------------------------
    Not matched                        33,818
        from master                         0  
        from using                     33,818  

    Matched                            92,335  
    -----------------------------------------
Number of observations (_N) was 0, now 92,335.

    Result                      Number of obs
    -----------------------------------------
    Not matched                        33,990
        from master                         0  
        from using                     33,990  

    Matched                            92,335  
    -----------------------------------------
Number of observations (_N) was 0, now 92,335.

    Result                      Number of obs
    -----------------------------------------
    Not matched                        34,022
        from master                         0  
        from using                     34,022  

    Matched                            92,335  
    -----------------------------------------
Number of observations (_N) was 0, now 92,335.

    Result                      Number of obs
    -----------------------------------------
    Not matched                        33,898
        from master                         0  
        from using                     33,898  

    Matched                            92,335  
    -----------------------------------------
Number of observations (_N) was 0, now 92,335.

    Result                      Number of obs
    -----------------------------------------
    Not matched                        34,032
        from master                         0  
        from using                     34,032  

    Matched                            92,335  
    -----------------------------------------
Number of observations (_N) was 0, now 92,335.

    Result                      Number of obs
    -----------------------------------------
    Not matched                        33,894
        from master                         0  
        from using                     33,894  

    Matched                            92,335  
    -----------------------------------------
Number of observations (_N) was 0, now 92,335.

    Result                      Number of obs
    -----------------------------------------
    Not matched                        34,137
        from master                         0  
        from using                     34,137  

    Matched                            92,335  
    -----------------------------------------
Number of observations (_N) was 0, now 92,335.

    Result                      Number of obs
    -----------------------------------------
    Not matched                        33,873
        from master                         0  
        from using                     33,873  

    Matched                            92,335  
    -----------------------------------------
Number of observations (_N) was 0, now 92,335.

    Result                      Number of obs
    -----------------------------------------
    Not matched                        33,896
        from master                         0  
        from using                     33,896  

    Matched                            92,335  
    -----------------------------------------
Number of observations (_N) was 0, now 92,335.

    Result                      Number of obs
    -----------------------------------------
    Not matched                        34,041
        from master                         0  
        from using                     34,041  

    Matched                            92,335  
    -----------------------------------------
Number of observations (_N) was 0, now 92,335.

    Result                      Number of obs
    -----------------------------------------
    Not matched                        33,819
        from master                         0  
        from using                     33,819  

    Matched                            92,335  
    -----------------------------------------
Number of observations (_N) was 0, now 92,335.

    Result                      Number of obs
    -----------------------------------------
    Not matched                        33,944
        from master                         0  
        from using                     33,944  

    Matched                            92,335  
    -----------------------------------------
Number of observations (_N) was 0, now 92,335.

    Result                      Number of obs
    -----------------------------------------
    Not matched                        34,008
        from master                         0  
        from using                     34,008  

    Matched                            92,335  
    -----------------------------------------
Number of observations (_N) was 0, now 92,335.

    Result                      Number of obs
    -----------------------------------------
    Not matched                        34,223
        from master                         0  
        from using                     34,223  

    Matched                            92,335  
    -----------------------------------------
Number of observations (_N) was 0, now 92,335.

    Result                      Number of obs
    -----------------------------------------
    Not matched                        34,228
        from master                         0  
        from using                     34,228  

    Matched                            92,335  
    -----------------------------------------
Number of observations (_N) was 0, now 92,335.

    Result                      Number of obs
    -----------------------------------------
    Not matched                        33,983
        from master                         0  
        from using                     33,983  

    Matched                            92,335  
    -----------------------------------------
Number of observations (_N) was 0, now 92,335.

    Result                      Number of obs
    -----------------------------------------
    Not matched                        33,914
        from master                         0  
        from using                     33,914  

    Matched                            92,335  
    -----------------------------------------
Number of observations (_N) was 0, now 92,335.

    Result                      Number of obs
    -----------------------------------------
    Not matched                        33,955
        from master                         0  
        from using                     33,955  

    Matched                            92,335  
    -----------------------------------------
Number of observations (_N) was 0, now 92,335.

    Result                      Number of obs
    -----------------------------------------
    Not matched                        34,061
        from master                         0  
        from using                     34,061  

    Matched                            92,335  
    -----------------------------------------
Number of observations (_N) was 0, now 92,335.

    Result                      Number of obs
    -----------------------------------------
    Not matched                        34,006
        from master                         0  
        from using                     34,006  

    Matched                            92,335  
    -----------------------------------------
Number of observations (_N) was 0, now 92,335.

    Result                      Number of obs
    -----------------------------------------
    Not matched                        33,915
        from master                         0  
        from using                     33,915  

    Matched                            92,335  
    -----------------------------------------
Number of observations (_N) was 0, now 92,335.

    Result                      Number of obs
    -----------------------------------------
    Not matched                        33,843
        from master                         0  
        from using                     33,843  

    Matched                            92,335  
    -----------------------------------------
Number of observations (_N) was 0, now 92,335.

    Result                      Number of obs
    -----------------------------------------
    Not matched                        33,975
        from master                         0  
        from using                     33,975  

    Matched                            92,335  
    -----------------------------------------
Number of observations (_N) was 0, now 92,335.

    Result                      Number of obs
    -----------------------------------------
    Not matched                        33,930
        from master                         0  
        from using                     33,930  

    Matched                            92,335  
    -----------------------------------------
Number of observations (_N) was 0, now 92,335.

    Result                      Number of obs
    -----------------------------------------
    Not matched                        33,892
        from master                         0  
        from using                     33,892  

    Matched                            92,335  
    -----------------------------------------
Number of observations (_N) was 0, now 92,335.

    Result                      Number of obs
    -----------------------------------------
    Not matched                        33,925
        from master                         0  
        from using                     33,925  

    Matched                            92,335  
    -----------------------------------------
Number of observations (_N) was 0, now 92,335.

    Result                      Number of obs
    -----------------------------------------
    Not matched                        33,985
        from master                         0  
        from using                     33,985  

    Matched                            92,335  
    -----------------------------------------
Number of observations (_N) was 0, now 92,335.

    Result                      Number of obs
    -----------------------------------------
    Not matched                        34,024
        from master                         0  
        from using                     34,024  

    Matched                            92,335  
    -----------------------------------------
Number of observations (_N) was 0, now 92,335.

    Result                      Number of obs
    -----------------------------------------
    Not matched                        33,954
        from master                         0  
        from using                     33,954  

    Matched                            92,335  
    -----------------------------------------
Number of observations (_N) was 0, now 92,335.

    Result                      Number of obs
    -----------------------------------------
    Not matched                        34,010
        from master                         0  
        from using                     34,010  

    Matched                            92,335  
    -----------------------------------------
Number of observations (_N) was 0, now 92,335.

    Result                      Number of obs
    -----------------------------------------
    Not matched                        34,009
        from master                         0  
        from using                     34,009  

    Matched                            92,335  
    -----------------------------------------
Number of observations (_N) was 0, now 92,335.

    Result                      Number of obs
    -----------------------------------------
    Not matched                        33,945
        from master                         0  
        from using                     33,945  

    Matched                            92,335  
    -----------------------------------------
Number of observations (_N) was 0, now 92,335.

    Result                      Number of obs
    -----------------------------------------
    Not matched                        33,732
        from master                         0  
        from using                     33,732  

    Matched                            92,335  
    -----------------------------------------
Number of observations (_N) was 0, now 92,335.

    Result                      Number of obs
    -----------------------------------------
    Not matched                        34,006
        from master                         0  
        from using                     34,006  

    Matched                            92,335  
    -----------------------------------------
Number of observations (_N) was 0, now 92,335.

    Result                      Number of obs
    -----------------------------------------
    Not matched                        33,856
        from master                         0  
        from using                     33,856  

    Matched                            92,335  
    -----------------------------------------
Number of observations (_N) was 0, now 92,335.

    Result                      Number of obs
    -----------------------------------------
    Not matched                        34,017
        from master                         0  
        from using                     34,017  

    Matched                            92,335  
    -----------------------------------------
Number of observations (_N) was 0, now 92,335.

    Result                      Number of obs
    -----------------------------------------
    Not matched                        33,919
        from master                         0  
        from using                     33,919  

    Matched                            92,335  
    -----------------------------------------
Number of observations (_N) was 0, now 92,335.

    Result                      Number of obs
    -----------------------------------------
    Not matched                        34,143
        from master                         0  
        from using                     34,143  

    Matched                            92,335  
    -----------------------------------------
Number of observations (_N) was 0, now 92,335.

    Result                      Number of obs
    -----------------------------------------
    Not matched                        33,884
        from master                         0  
        from using                     33,884  

    Matched                            92,335  
    -----------------------------------------
Number of observations (_N) was 0, now 92,335.

    Result                      Number of obs
    -----------------------------------------
    Not matched                        33,975
        from master                         0  
        from using                     33,975  

    Matched                            92,335  
    -----------------------------------------
Number of observations (_N) was 0, now 92,335.

    Result                      Number of obs
    -----------------------------------------
    Not matched                        33,969
        from master                         0  
        from using                     33,969  

    Matched                            92,335  
    -----------------------------------------
Number of observations (_N) was 0, now 92,335.

    Result                      Number of obs
    -----------------------------------------
    Not matched                        34,074
        from master                         0  
        from using                     34,074  

    Matched                            92,335  
    -----------------------------------------
Number of observations (_N) was 0, now 92,335.

    Result                      Number of obs
    -----------------------------------------
    Not matched                        34,006
        from master                         0  
        from using                     34,006  

    Matched                            92,335  
    -----------------------------------------
Number of observations (_N) was 0, now 92,335.

    Result                      Number of obs
    -----------------------------------------
    Not matched                        34,140
        from master                         0  
        from using                     34,140  

    Matched                            92,335  
    -----------------------------------------
Number of observations (_N) was 0, now 92,335.

    Result                      Number of obs
    -----------------------------------------
    Not matched                        33,925
        from master                         0  
        from using                     33,925  

    Matched                            92,335  
    -----------------------------------------
Number of observations (_N) was 0, now 92,335.

    Result                      Number of obs
    -----------------------------------------
    Not matched                        34,092
        from master                         0  
        from using                     34,092  

    Matched                            92,335  
    -----------------------------------------
Number of observations (_N) was 0, now 92,335.

    Result                      Number of obs
    -----------------------------------------
    Not matched                        34,028
        from master                         0  
        from using                     34,028  

    Matched                            92,335  
    -----------------------------------------
Number of observations (_N) was 0, now 92,335.

    Result                      Number of obs
    -----------------------------------------
    Not matched                        33,882
        from master                         0  
        from using                     33,882  

    Matched                            92,335  
    -----------------------------------------
Number of observations (_N) was 0, now 92,335.

    Result                      Number of obs
    -----------------------------------------
    Not matched                        33,875
        from master                         0  
        from using                     33,875  

    Matched                            92,335  
    -----------------------------------------
Number of observations (_N) was 0, now 92,335.

    Result                      Number of obs
    -----------------------------------------
    Not matched                        34,108
        from master                         0  
        from using                     34,108  

    Matched                            92,335  
    -----------------------------------------
Number of observations (_N) was 0, now 92,335.

    Result                      Number of obs
    -----------------------------------------
    Not matched                        34,010
        from master                         0  
        from using                     34,010  

    Matched                            92,335  
    -----------------------------------------
Number of observations (_N) was 0, now 92,335.

    Result                      Number of obs
    -----------------------------------------
    Not matched                        34,003
        from master                         0  
        from using                     34,003  

    Matched                            92,335  
    -----------------------------------------
Number of observations (_N) was 0, now 92,335.

    Result                      Number of obs
    -----------------------------------------
    Not matched                        34,080
        from master                         0  
        from using                     34,080  

    Matched                            92,335  
    -----------------------------------------
Number of observations (_N) was 0, now 92,335.

    Result                      Number of obs
    -----------------------------------------
    Not matched                        33,998
        from master                         0  
        from using                     33,998  

    Matched                            92,335  
    -----------------------------------------
Number of observations (_N) was 0, now 92,335.

    Result                      Number of obs
    -----------------------------------------
    Not matched                        34,027
        from master                         0  
        from using                     34,027  

    Matched                            92,335  
    -----------------------------------------
Number of observations (_N) was 0, now 92,335.

    Result                      Number of obs
    -----------------------------------------
    Not matched                        33,889
        from master                         0  
        from using                     33,889  

    Matched                            92,335  
    -----------------------------------------
Number of observations (_N) was 0, now 92,335.

    Result                      Number of obs
    -----------------------------------------
    Not matched                        33,996
        from master                         0  
        from using                     33,996  

    Matched                            92,335  
    -----------------------------------------
Number of observations (_N) was 0, now 92,335.

    Result                      Number of obs
    -----------------------------------------
    Not matched                        34,026
        from master                         0  
        from using                     34,026  

    Matched                            92,335  
    -----------------------------------------
Number of observations (_N) was 0, now 92,335.

    Result                      Number of obs
    -----------------------------------------
    Not matched                        34,073
        from master                         0  
        from using                     34,073  

    Matched                            92,335  
    -----------------------------------------
Number of observations (_N) was 0, now 92,335.

    Result                      Number of obs
    -----------------------------------------
    Not matched                        33,860
        from master                         0  
        from using                     33,860  

    Matched                            92,335  
    -----------------------------------------
Number of observations (_N) was 0, now 92,335.

    Result                      Number of obs
    -----------------------------------------
    Not matched                        33,919
        from master                         0  
        from using                     33,919  

    Matched                            92,335  
    -----------------------------------------
Number of observations (_N) was 0, now 92,335.

    Result                      Number of obs
    -----------------------------------------
    Not matched                        33,791
        from master                         0  
        from using                     33,791  

    Matched                            92,335  
    -----------------------------------------
Number of observations (_N) was 0, now 92,335.

    Result                      Number of obs
    -----------------------------------------
    Not matched                        33,889
        from master                         0  
        from using                     33,889  

    Matched                            92,335  
    -----------------------------------------
Number of observations (_N) was 0, now 92,335.

    Result                      Number of obs
    -----------------------------------------
    Not matched                        33,835
        from master                         0  
        from using                     33,835  

    Matched                            92,335  
    -----------------------------------------
Number of observations (_N) was 0, now 92,335.

    Result                      Number of obs
    -----------------------------------------
    Not matched                        33,845
        from master                         0  
        from using                     33,845  

    Matched                            92,335  
    -----------------------------------------
Number of observations (_N) was 0, now 92,335.

    Result                      Number of obs
    -----------------------------------------
    Not matched                        33,978
        from master                         0  
        from using                     33,978  

    Matched                            92,335  
    -----------------------------------------
Number of observations (_N) was 0, now 92,335.

    Result                      Number of obs
    -----------------------------------------
    Not matched                        33,895
        from master                         0  
        from using                     33,895  

    Matched                            92,335  
    -----------------------------------------
Number of observations (_N) was 0, now 92,335.

    Result                      Number of obs
    -----------------------------------------
    Not matched                        33,895
        from master                         0  
        from using                     33,895  

    Matched                            92,335  
    -----------------------------------------
Number of observations (_N) was 0, now 92,335.

    Result                      Number of obs
    -----------------------------------------
    Not matched                        34,152
        from master                         0  
        from using                     34,152  

    Matched                            92,335  
    -----------------------------------------
Number of observations (_N) was 0, now 92,335.

    Result                      Number of obs
    -----------------------------------------
    Not matched                        33,974
        from master                         0  
        from using                     33,974  

    Matched                            92,335  
    -----------------------------------------
Number of observations (_N) was 0, now 92,335.

    Result                      Number of obs
    -----------------------------------------
    Not matched                        33,949
        from master                         0  
        from using                     33,949  

    Matched                            92,335  
    -----------------------------------------
Number of observations (_N) was 0, now 92,335.

    Result                      Number of obs
    -----------------------------------------
    Not matched                        33,921
        from master                         0  
        from using                     33,921  

    Matched                            92,335  
    -----------------------------------------
Number of observations (_N) was 0, now 92,335.

    Result                      Number of obs
    -----------------------------------------
    Not matched                        33,738
        from master                         0  
        from using                     33,738  

    Matched                            92,335  
    -----------------------------------------
Number of observations (_N) was 0, now 92,335.

    Result                      Number of obs
    -----------------------------------------
    Not matched                        34,050
        from master                         0  
        from using                     34,050  

    Matched                            92,335  
    -----------------------------------------
Number of observations (_N) was 0, now 92,335.

    Result                      Number of obs
    -----------------------------------------
    Not matched                        33,775
        from master                         0  
        from using                     33,775  

    Matched                            92,335  
    -----------------------------------------
Number of observations (_N) was 0, now 92,335.

    Result                      Number of obs
    -----------------------------------------
    Not matched                        33,984
        from master                         0  
        from using                     33,984  

    Matched                            92,335  
    -----------------------------------------
Number of observations (_N) was 0, now 92,335.

    Result                      Number of obs
    -----------------------------------------
    Not matched                        34,042
        from master                         0  
        from using                     34,042  

    Matched                            92,335  
    -----------------------------------------
Number of observations (_N) was 0, now 92,335.

    Result                      Number of obs
    -----------------------------------------
    Not matched                        33,926
        from master                         0  
        from using                     33,926  

    Matched                            92,335  
    -----------------------------------------
Number of observations (_N) was 0, now 92,335.

    Result                      Number of obs
    -----------------------------------------
    Not matched                        34,034
        from master                         0  
        from using                     34,034  

    Matched                            92,335  
    -----------------------------------------
Number of observations (_N) was 0, now 92,335.

    Result                      Number of obs
    -----------------------------------------
    Not matched                        33,912
        from master                         0  
        from using                     33,912  

    Matched                            92,335  
    -----------------------------------------
Number of observations (_N) was 0, now 92,335.

    Result                      Number of obs
    -----------------------------------------
    Not matched                        33,902
        from master                         0  
        from using                     33,902  

    Matched                            92,335  
    -----------------------------------------
Number of observations (_N) was 0, now 92,335.

    Result                      Number of obs
    -----------------------------------------
    Not matched                        34,071
        from master                         0  
        from using                     34,071  

    Matched                            92,335  
    -----------------------------------------
Number of observations (_N) was 0, now 92,335.

    Result                      Number of obs
    -----------------------------------------
    Not matched                        34,090
        from master                         0  
        from using                     34,090  

    Matched                            92,335  
    -----------------------------------------
Number of observations (_N) was 0, now 92,335.

    Result                      Number of obs
    -----------------------------------------
    Not matched                        33,900
        from master                         0  
        from using                     33,900  

    Matched                            92,335  
    -----------------------------------------
Number of observations (_N) was 0, now 92,335.

    Result                      Number of obs
    -----------------------------------------
    Not matched                        34,126
        from master                         0  
        from using                     34,126  

    Matched                            92,335  
    -----------------------------------------
Number of observations (_N) was 0, now 92,335.

    Result                      Number of obs
    -----------------------------------------
    Not matched                        34,051
        from master                         0  
        from using                     34,051  

    Matched                            92,335  
    -----------------------------------------
Number of observations (_N) was 0, now 92,335.

    Result                      Number of obs
    -----------------------------------------
    Not matched                        34,060
        from master                         0  
        from using                     34,060  

    Matched                            92,335  
    -----------------------------------------
Number of observations (_N) was 0, now 92,335.

    Result                      Number of obs
    -----------------------------------------
    Not matched                        33,959
        from master                         0  
        from using                     33,959  

    Matched                            92,335  
    -----------------------------------------
Number of observations (_N) was 0, now 92,335.

    Result                      Number of obs
    -----------------------------------------
    Not matched                        34,010
        from master                         0  
        from using                     34,010  

    Matched                            92,335  
    -----------------------------------------
Number of observations (_N) was 0, now 92,335.

    Result                      Number of obs
    -----------------------------------------
    Not matched                        34,054
        from master                         0  
        from using                     34,054  

    Matched                            92,335  
    -----------------------------------------
Number of observations (_N) was 0, now 92,335.

    Result                      Number of obs
    -----------------------------------------
    Not matched                        33,976
        from master                         0  
        from using                     33,976  

    Matched                            92,335  
    -----------------------------------------
Number of observations (_N) was 0, now 92,335.

    Result                      Number of obs
    -----------------------------------------
    Not matched                        34,011
        from master                         0  
        from using                     34,011  

    Matched                            92,335  
    -----------------------------------------
Number of observations (_N) was 0, now 92,335.

    Result                      Number of obs
    -----------------------------------------
    Not matched                        33,893
        from master                         0  
        from using                     33,893  

    Matched                            92,335  
    -----------------------------------------
Number of observations (_N) was 0, now 92,335.

    Result                      Number of obs
    -----------------------------------------
    Not matched                        34,108
        from master                         0  
        from using                     34,108  

    Matched                            92,335  
    -----------------------------------------
Number of observations (_N) was 0, now 92,335.

    Result                      Number of obs
    -----------------------------------------
    Not matched                        33,868
        from master                         0  
        from using                     33,868  

    Matched                            92,335  
    -----------------------------------------
Number of observations (_N) was 0, now 92,335.

    Result                      Number of obs
    -----------------------------------------
    Not matched                        33,909
        from master                         0  
        from using                     33,909  

    Matched                            92,335  
    -----------------------------------------
Number of observations (_N) was 0, now 92,335.

    Result                      Number of obs
    -----------------------------------------
    Not matched                        33,980
        from master                         0  
        from using                     33,980  

    Matched                            92,335  
    -----------------------------------------
Number of observations (_N) was 0, now 92,335.

    Result                      Number of obs
    -----------------------------------------
    Not matched                        33,915
        from master                         0  
        from using                     33,915  

    Matched                            92,335  
    -----------------------------------------
Number of observations (_N) was 0, now 92,335.

    Result                      Number of obs
    -----------------------------------------
    Not matched                        33,982
        from master                         0  
        from using                     33,982  

    Matched                            92,335  
    -----------------------------------------
Number of observations (_N) was 0, now 92,335.

    Result                      Number of obs
    -----------------------------------------
    Not matched                        34,007
        from master                         0  
        from using                     34,007  

    Matched                            92,335  
    -----------------------------------------
Number of observations (_N) was 0, now 92,335.

    Result                      Number of obs
    -----------------------------------------
    Not matched                        33,822
        from master                         0  
        from using                     33,822  

    Matched                            92,335  
    -----------------------------------------
Number of observations (_N) was 0, now 92,335.

    Result                      Number of obs
    -----------------------------------------
    Not matched                        33,963
        from master                         0  
        from using                     33,963  

    Matched                            92,335  
    -----------------------------------------
Number of observations (_N) was 0, now 92,335.

    Result                      Number of obs
    -----------------------------------------
    Not matched                        34,045
        from master                         0  
        from using                     34,045  

    Matched                            92,335  
    -----------------------------------------
Number of observations (_N) was 0, now 92,335.

    Result                      Number of obs
    -----------------------------------------
    Not matched                        34,137
        from master                         0  
        from using                     34,137  

    Matched                            92,335  
    -----------------------------------------
Number of observations (_N) was 0, now 92,335.

    Result                      Number of obs
    -----------------------------------------
    Not matched                        34,016
        from master                         0  
        from using                     34,016  

    Matched                            92,335  
    -----------------------------------------
Number of observations (_N) was 0, now 92,335.

    Result                      Number of obs
    -----------------------------------------
    Not matched                        34,103
        from master                         0  
        from using                     34,103  

    Matched                            92,335  
    -----------------------------------------
Number of observations (_N) was 0, now 92,335.

    Result                      Number of obs
    -----------------------------------------
    Not matched                        33,786
        from master                         0  
        from using                     33,786  

    Matched                            92,335  
    -----------------------------------------
Number of observations (_N) was 0, now 92,335.

    Result                      Number of obs
    -----------------------------------------
    Not matched                        34,103
        from master                         0  
        from using                     34,103  

    Matched                            92,335  
    -----------------------------------------
Number of observations (_N) was 0, now 92,335.

    Result                      Number of obs
    -----------------------------------------
    Not matched                        34,067
        from master                         0  
        from using                     34,067  

    Matched                            92,335  
    -----------------------------------------
Number of observations (_N) was 0, now 92,335.

    Result                      Number of obs
    -----------------------------------------
    Not matched                        34,052
        from master                         0  
        from using                     34,052  

    Matched                            92,335  
    -----------------------------------------
Number of observations (_N) was 0, now 92,335.

    Result                      Number of obs
    -----------------------------------------
    Not matched                        33,892
        from master                         0  
        from using                     33,892  

    Matched                            92,335  
    -----------------------------------------
Number of observations (_N) was 0, now 92,335.

    Result                      Number of obs
    -----------------------------------------
    Not matched                        33,982
        from master                         0  
        from using                     33,982  

    Matched                            92,335  
    -----------------------------------------
Number of observations (_N) was 0, now 92,335.

    Result                      Number of obs
    -----------------------------------------
    Not matched                        33,869
        from master                         0  
        from using                     33,869  

    Matched                            92,335  
    -----------------------------------------
Number of observations (_N) was 0, now 92,335.

    Result                      Number of obs
    -----------------------------------------
    Not matched                        34,050
        from master                         0  
        from using                     34,050  

    Matched                            92,335  
    -----------------------------------------
Number of observations (_N) was 0, now 92,335.

    Result                      Number of obs
    -----------------------------------------
    Not matched                        34,144
        from master                         0  
        from using                     34,144  

    Matched                            92,335  
    -----------------------------------------
Number of observations (_N) was 0, now 92,335.

    Result                      Number of obs
    -----------------------------------------
    Not matched                        33,989
        from master                         0  
        from using                     33,989  

    Matched                            92,335  
    -----------------------------------------
Number of observations (_N) was 0, now 92,335.

    Result                      Number of obs
    -----------------------------------------
    Not matched                        34,092
        from master                         0  
        from using                     34,092  

    Matched                            92,335  
    -----------------------------------------
Number of observations (_N) was 0, now 92,335.

    Result                      Number of obs
    -----------------------------------------
    Not matched                        33,924
        from master                         0  
        from using                     33,924  

    Matched                            92,335  
    -----------------------------------------
Number of observations (_N) was 0, now 92,335.

    Result                      Number of obs
    -----------------------------------------
    Not matched                        34,000
        from master                         0  
        from using                     34,000  

    Matched                            92,335  
    -----------------------------------------
Number of observations (_N) was 0, now 92,335.

    Result                      Number of obs
    -----------------------------------------
    Not matched                        34,114
        from master                         0  
        from using                     34,114  

    Matched                            92,335  
    -----------------------------------------
Number of observations (_N) was 0, now 92,335.

    Result                      Number of obs
    -----------------------------------------
    Not matched                        33,974
        from master                         0  
        from using                     33,974  

    Matched                            92,335  
    -----------------------------------------
Number of observations (_N) was 0, now 92,335.

    Result                      Number of obs
    -----------------------------------------
    Not matched                        33,838
        from master                         0  
        from using                     33,838  

    Matched                            92,335  
    -----------------------------------------
Number of observations (_N) was 0, now 92,335.

    Result                      Number of obs
    -----------------------------------------
    Not matched                        33,849
        from master                         0  
        from using                     33,849  

    Matched                            92,335  
    -----------------------------------------
Number of observations (_N) was 0, now 92,335.

    Result                      Number of obs
    -----------------------------------------
    Not matched                        34,140
        from master                         0  
        from using                     34,140  

    Matched                            92,335  
    -----------------------------------------
Number of observations (_N) was 0, now 92,335.

    Result                      Number of obs
    -----------------------------------------
    Not matched                        34,067
        from master                         0  
        from using                     34,067  

    Matched                            92,335  
    -----------------------------------------
Number of observations (_N) was 0, now 92,335.

    Result                      Number of obs
    -----------------------------------------
    Not matched                        33,831
        from master                         0  
        from using                     33,831  

    Matched                            92,335  
    -----------------------------------------
Number of observations (_N) was 0, now 92,335.

    Result                      Number of obs
    -----------------------------------------
    Not matched                        33,931
        from master                         0  
        from using                     33,931  

    Matched                            92,335  
    -----------------------------------------
Number of observations (_N) was 0, now 92,335.

    Result                      Number of obs
    -----------------------------------------
    Not matched                        33,809
        from master                         0  
        from using                     33,809  

    Matched                            92,335  
    -----------------------------------------
Number of observations (_N) was 0, now 92,335.

    Result                      Number of obs
    -----------------------------------------
    Not matched                        34,014
        from master                         0  
        from using                     34,014  

    Matched                            92,335  
    -----------------------------------------
Number of observations (_N) was 0, now 92,335.

    Result                      Number of obs
    -----------------------------------------
    Not matched                        33,834
        from master                         0  
        from using                     33,834  

    Matched                            92,335  
    -----------------------------------------
Number of observations (_N) was 0, now 92,335.

    Result                      Number of obs
    -----------------------------------------
    Not matched                        34,078
        from master                         0  
        from using                     34,078  

    Matched                            92,335  
    -----------------------------------------
Number of observations (_N) was 0, now 92,335.

    Result                      Number of obs
    -----------------------------------------
    Not matched                        33,967
        from master                         0  
        from using                     33,967  

    Matched                            92,335  
    -----------------------------------------
Number of observations (_N) was 0, now 92,335.

    Result                      Number of obs
    -----------------------------------------
    Not matched                        33,950
        from master                         0  
        from using                     33,950  

    Matched                            92,335  
    -----------------------------------------
Number of observations (_N) was 0, now 92,335.

    Result                      Number of obs
    -----------------------------------------
    Not matched                        34,078
        from master                         0  
        from using                     34,078  

    Matched                            92,335  
    -----------------------------------------
Number of observations (_N) was 0, now 92,335.

    Result                      Number of obs
    -----------------------------------------
    Not matched                        34,028
        from master                         0  
        from using                     34,028  

    Matched                            92,335  
    -----------------------------------------
Number of observations (_N) was 0, now 92,335.

    Result                      Number of obs
    -----------------------------------------
    Not matched                        33,918
        from master                         0  
        from using                     33,918  

    Matched                            92,335  
    -----------------------------------------
Number of observations (_N) was 0, now 92,335.

    Result                      Number of obs
    -----------------------------------------
    Not matched                        33,857
        from master                         0  
        from using                     33,857  

    Matched                            92,335  
    -----------------------------------------
Number of observations (_N) was 0, now 92,335.

    Result                      Number of obs
    -----------------------------------------
    Not matched                        33,822
        from master                         0  
        from using                     33,822  

    Matched                            92,335  
    -----------------------------------------
Number of observations (_N) was 0, now 92,335.

    Result                      Number of obs
    -----------------------------------------
    Not matched                        34,065
        from master                         0  
        from using                     34,065  

    Matched                            92,335  
    -----------------------------------------
Number of observations (_N) was 0, now 92,335.

    Result                      Number of obs
    -----------------------------------------
    Not matched                        33,937
        from master                         0  
        from using                     33,937  

    Matched                            92,335  
    -----------------------------------------
Number of observations (_N) was 0, now 92,335.

    Result                      Number of obs
    -----------------------------------------
    Not matched                        33,986
        from master                         0  
        from using                     33,986  

    Matched                            92,335  
    -----------------------------------------
Number of observations (_N) was 0, now 92,335.

    Result                      Number of obs
    -----------------------------------------
    Not matched                        33,740
        from master                         0  
        from using                     33,740  

    Matched                            92,335  
    -----------------------------------------
Number of observations (_N) was 0, now 92,335.

    Result                      Number of obs
    -----------------------------------------
    Not matched                        33,996
        from master                         0  
        from using                     33,996  

    Matched                            92,335  
    -----------------------------------------
Number of observations (_N) was 0, now 92,335.

    Result                      Number of obs
    -----------------------------------------
    Not matched                        33,945
        from master                         0  
        from using                     33,945  

    Matched                            92,335  
    -----------------------------------------
Number of observations (_N) was 0, now 92,335.

    Result                      Number of obs
    -----------------------------------------
    Not matched                        34,065
        from master                         0  
        from using                     34,065  

    Matched                            92,335  
    -----------------------------------------
Number of observations (_N) was 0, now 92,335.

    Result                      Number of obs
    -----------------------------------------
    Not matched                        33,880
        from master                         0  
        from using                     33,880  

    Matched                            92,335  
    -----------------------------------------
Number of observations (_N) was 0, now 92,335.

    Result                      Number of obs
    -----------------------------------------
    Not matched                        33,955
        from master                         0  
        from using                     33,955  

    Matched                            92,335  
    -----------------------------------------
Number of observations (_N) was 0, now 92,335.

    Result                      Number of obs
    -----------------------------------------
    Not matched                        33,972
        from master                         0  
        from using                     33,972  

    Matched                            92,335  
    -----------------------------------------
Number of observations (_N) was 0, now 92,335.

    Result                      Number of obs
    -----------------------------------------
    Not matched                        33,911
        from master                         0  
        from using                     33,911  

    Matched                            92,335  
    -----------------------------------------
Number of observations (_N) was 0, now 92,335.

    Result                      Number of obs
    -----------------------------------------
    Not matched                        33,935
        from master                         0  
        from using                     33,935  

    Matched                            92,335  
    -----------------------------------------
Number of observations (_N) was 0, now 92,335.

    Result                      Number of obs
    -----------------------------------------
    Not matched                        33,963
        from master                         0  
        from using                     33,963  

    Matched                            92,335  
    -----------------------------------------
Number of observations (_N) was 0, now 92,335.

    Result                      Number of obs
    -----------------------------------------
    Not matched                        33,903
        from master                         0  
        from using                     33,903  

    Matched                            92,335  
    -----------------------------------------
Number of observations (_N) was 0, now 92,335.

    Result                      Number of obs
    -----------------------------------------
    Not matched                        34,033
        from master                         0  
        from using                     34,033  

    Matched                            92,335  
    -----------------------------------------
Number of observations (_N) was 0, now 92,335.
--Break--
r(1);

end of do-file

--Break--
r(1);

